Symbol,Price~,Type,Strike,Expires,DTE,"Bid x Size","Ask x Size",Trade,Size,Side,Premium,Volume,"Open Int",IV,Delta,Code,*,Time,"Exp Type"
MSTR,157.15,Put,350,2026-01-16T16:30:00-06:00,18,"192.40 x 5","193.40 x 5",192.9,6000,mid,115740000,16350,1092,153.64%,-0.9910925298,SLFT,N/A,"15:28:09 ET",M
MSTR,156.98,Put,350,2026-01-16T16:30:00-06:00,18,"192.40 x 5","193.40 x 5",192.4,4580,bid,88119200,6050,1092,0.00%,0,MLFT,SellToOpen,"15:17:13 ET",M
MSTR,157.1875,Put,350,2026-01-16T16:30:00-06:00,18,"192.30 x 5","193.40 x 5",192.85,4300,mid,82925500,10350,1092,151.98%,-0.9917457105,MFSL,N/A,"15:24:27 ET",M
MSTR,156.98,Put,350,2026-02-20T16:30:00-06:00,53,"192.25 x 1","193.50 x 2",193.5,3965,ask,76722700,4526,905,114.15%,-0.9597240726,MLFT,BuyToOpen,"15:17:13 ET",M
MSTR,157.15,Put,300,2026-01-16T16:30:00-06:00,18,"142.45 x 5","143.40 x 5",142.95,5325,mid,76120800,13605,1042,132.19%,-0.9852083364,SLFT,N/A,"15:28:09 ET",M
MSTR,156.98,Put,300,2026-01-16T16:30:00-06:00,18,"142.25 x 5","143.40 x 5",142.25,4770,bid,67853200,5300,1042,0.00%,0,MLFT,SellToOpen,"15:17:13 ET",M
MSTR,157.1875,Put,375,2026-01-16T16:30:00-06:00,18,"217.30 x 5","218.35 x 5",217.79,2350,mid,51180600,4510,478,158.49%,-0.9956432879,MFSL,N/A,"15:24:27 ET",M
MSTR,157.1875,Put,420,2026-01-16T16:30:00-06:00,18,"262.35 x 6","263.35 x 6",262.85,1860,mid,48890100,3330,318,182.67%,-0.9921205782,MFSL,ToOpen,"15:24:27 ET",M
MSTR,156.98,Put,375,2026-01-16T16:30:00-06:00,18,"217.40 x 5","218.40 x 5",217.4,2160,bid,46958400,2160,478,0.00%,0,MLFT,SellToOpen,"15:17:13 ET",M
EXPE,286.06,Call,200,2026-01-23T16:30:00-06:00,25,"85.45 x 2","88.75 x 6",86.4,5100,mid,44064000,5100,5100,75.83%,0.97176781752092,MLAT,N/A,"12:20:15 ET",W
MSTR,157.1875,Put,350,2026-02-20T16:30:00-06:00,53,"192.20 x 1","193.45 x 1",192.85,2250,mid,43391200,6776,905,100.28%,-0.9885619398,MFSL,N/A,"15:24:39 ET",M
MSTR,157.1875,Put,300,2026-01-16T16:30:00-06:00,18,"142.35 x 6","143.40 x 5",142.87,2980,mid,42575200,8280,1042,128.12%,-0.9893047329,MFSL,N/A,"15:23:53 ET",M
MSTR,157.15,Put,420,2026-01-16T16:30:00-06:00,18,"262.40 x 6","263.40 x 5",262.85,1550,mid,40741700,4880,318,0.00%,-1.,SLFT,N/A,"15:28:05 ET",M
MSTR,157.1875,Put,380,2026-01-16T16:30:00-06:00,18,"222.40 x 5","223.35 x 5",222.87,1820,mid,40562300,3440,353,168.46%,-0.9909521229,MFSL,N/A,"15:24:27 ET",M
BTI,57.166,Call,37,2027-01-15T16:30:00-06:00,382,"20.00 x 71","20.30 x 70",20,19980,bid,39960000,98120,4017,31.05%,0.97050705804491,MLFT,N/A,"15:46:11 ET",M
CAR,130.82,Put,185,2026-01-16T16:30:00-06:00,18,"52.70 x 221","55.80 x 196",55.8,7000,ask,39060000,9480,2001,119.31%,-0.8813689945,MLFT,BuyToOpen,"15:17:08 ET",M
MSTR,157.15,Put,380,2026-01-16T16:30:00-06:00,18,"222.40 x 5","223.50 x 5",222.9,1750,mid,39007500,5190,353,167.55%,-0.9913485229,SLFT,N/A,"15:28:09 ET",M
MSTR,156.98,Put,420,2026-01-16T16:30:00-06:00,18,"262.40 x 5","263.45 x 5",263.45,1470,ask,38727100,1470,318,0.00%,0,MLFT,BuyToOpen,"15:16:30 ET",M
MSTR,156.98,Put,380,2026-01-16T16:30:00-06:00,18,"222.40 x 5","223.40 x 5",222.4,1620,bid,36028800,1620,353,0.00%,0,MLFT,SellToOpen,"15:17:13 ET",M
MSTR,156.98,Put,295,2026-01-16T16:30:00-06:00,18,"137.35 x 5","138.40 x 6",137.51,2610,mid,35890100,2612,519,0.00%,0,MLFT,ToOpen,"15:17:13 ET",M
MSTR,157.15,Put,295,2026-01-16T16:30:00-06:00,18,"137.40 x 5","138.40 x 5",137.95,2600,mid,35866900,6372,519,129.22%,-0.9849739629,SLFT,N/A,"15:28:09 ET",M
MSTR,157.15,Put,375,2026-01-16T16:30:00-06:00,18,"217.40 x 5","218.45 x 5",217.95,1575,mid,34327100,6910,478,170.82%,-0.9882158972,SLFT,N/A,"15:28:05 ET",M
COIN,234.631,Put,350,2026-01-16T16:30:00-06:00,18,"111.70 x 284","119.00 x 139",111.7,3045,bid,34012600,4822,574,0.00%,0,MLFT,SellToOpen,"15:16:54 ET",M
CAR,130.82,Put,175,2026-01-16T16:30:00-06:00,18,"42.70 x 213","46.10 x 200",45.8,7000,mid,32060000,9750,2508,105.64%,-0.8704667537,MLFT,ToOpen,"15:17:08 ET",M
BABA,148.31,Put,190,2026-01-16T16:30:00-06:00,18,"40.00 x 407","43.85 x 231",41.92,7500,mid,31440000,11597,2588,61.47%,-0.9614237451,MLFT,ToOpen,"15:28:00 ET",M
MSTR,157.1875,Put,400,2026-03-20T16:30:00-05:00,81,"242.25 x 2","243.50 x 1",242.84,1250,mid,30355000,1252,490,98.30%,-0.9869884502,MFSL,ToOpen,"15:24:39 ET",M
MU,293.67,Put,500,2026-02-20T16:30:00-06:00,53,"205.15 x 321","208.35 x 293",206.78,1410,mid,29155900,1410,287,76.96%,-0.9678044698,MFSL,ToOpen,"15:24:48 ET",M
MSTR,157.15,Put,320,2026-01-16T16:30:00-06:00,18,"162.40 x 5","163.50 x 5",162.9,1750,mid,28507500,4680,343,138.39%,-0.9907026986,SLFT,N/A,"15:28:09 ET",M
COIN,234.631,Put,370,2026-01-16T16:30:00-06:00,18,"131.50 x 148","139.60 x 132",135.02,2055,mid,27746600,3755,379,99.35%,-0.9803888065,MLFT,N/A,"15:16:54 ET",M
MU,293.67,Put,490,2026-02-20T16:30:00-06:00,53,"195.25 x 256","198.35 x 294",196.78,1410,mid,27745900,1410,287,74.56%,-0.9672550208,MFSL,ToOpen,"15:24:48 ET",M
GOOGL,312.19,Call,260,2026-02-20T16:30:00-06:00,53,"55.40 x 144","56.20 x 23",55.4,5000,bid,27700000,5003,15456,38.32%,0.91272853671524,SLCN,N/A,"09:56:35 ET",M
BABA,148.31,Put,185,2026-01-16T16:30:00-06:00,18,"35.00 x 473","38.85 x 270",36.92,7500,mid,27690000,11181,266,56.01%,-0.9585994969,MLFT,ToOpen,"15:28:00 ET",M
MSTR,156.98,Put,320,2026-01-16T16:30:00-06:00,18,"162.35 x 5","163.40 x 6",163.4,1620,ask,26470800,1850,343,159.77%,-0.9704806702,MLFT,BuyToOpen,"15:17:13 ET",M
COIN,234.63,Put,370,2026-01-16T16:30:00-06:00,18,"131.50 x 147","139.60 x 153",135,1900,mid,25650000,5655,379,99.30%,-0.980434316,SLFT,N/A,"15:28:49 ET",M
COST,866.82,Put,1060,2026-01-16T16:30:00-06:00,18,"189.00 x 34","196.50 x 42",192.79,1310,mid,25255400,2127,109,0.00%,0,MFSL,ToOpen,"15:17:39 ET",M
LULU,212,Put,350,2026-01-16T16:30:00-06:00,18,"135.05 x 21","140.20 x 37",137.7,1825,mid,25130200,5380,355,0.00%,0,SLFT,N/A,"15:28:19 ET",M
COST,866.82,Put,1005,2026-01-16T16:30:00-06:00,18,"134.00 x 34","141.15 x 21",137.53,1760,mid,24205200,2952,159,0.00%,0,MFSL,ToOpen,"15:17:39 ET",M
COIN,234.631,Put,340,2026-01-16T16:30:00-06:00,18,"104.00 x 286","107.10 x 245",104,2280,bid,23712000,3741,437,84.36%,-0.9762049331,MLFT,SellToOpen,"15:16:54 ET",M
COST,867.4,Put,1060,2026-01-16T16:30:00-06:00,18,"189.00 x 34","196.50 x 43",193,1200,mid,23160000,3327,109,47.52%,-0.9749577658,SLFT,N/A,"15:28:44 ET",M
COIN,234.631,Put,370,2026-01-16T16:30:00-06:00,18,"131.50 x 176","139.60 x 132",135.55,1700,mid,23043500,3755,379,99.35%,-0.9803888065,MFSL,N/A,"15:17:16 ET",M
ADBE,352.89,Put,400,2026-01-16T16:30:00-06:00,18,"44.00 x 51","49.85 x 90",47,4830,mid,22701000,4833,916,0.00%,0,MFSL,ToOpen,"15:14:35 ET",M
META,659.2,Call,600,2026-02-20T16:30:00-06:00,53,"74.65 x 66","76.05 x 106",75.1,3000,mid,22529900,3002,9282,37.57%,0.77699871677375,SLCN,N/A,"09:40:17 ET",M
CRWV,75.42,Put,150,2026-01-16T16:30:00-06:00,18,"73.95 x 599","75.00 x 425",74.2,3000,mid,22260000,4915,763,0.00%,0,MLFT,ToOpen,"15:28:38 ET",M
LULU,212.23,Put,350,2026-01-16T16:30:00-06:00,18,"135.05 x 40","140.20 x 37",137.68,1610,mid,22166400,3380,355,0.00%,0,MFSL,N/A,"15:23:04 ET",M
COST,866.82,Put,1000,2026-01-16T16:30:00-06:00,18,"129.00 x 32","136.00 x 23",132.54,1660,mid,22001600,2747,145,0.00%,0,MFSL,ToOpen,"15:17:39 ET",M
COST,867.4,Put,1005,2026-01-16T16:30:00-06:00,18,"134.00 x 28","141.15 x 27",137.5,1600,mid,22000000,4552,159,0.00%,0,SLFT,N/A,"15:28:44 ET",M
MSTR,157.15,Put,370,2026-01-16T16:30:00-06:00,18,"212.40 x 5","213.45 x 5",212.9,1000,mid,21290000,2760,202,163.05%,-0.9912746889,SLFT,N/A,"15:28:09 ET",M
MSTR,156.98,Put,350,2026-01-16T16:30:00-06:00,18,"192.40 x 2","193.45 x 5",192.4,1080,bid,20779200,6050,1092,0.00%,0,MLFT,N/A,"15:16:30 ET",M
COST,866.82,Put,1040,2026-03-20T16:30:00-05:00,81,"168.70 x 37","176.10 x 21",172.51,1200,mid,20701200,1200,172,0.00%,0,MFSL,ToOpen,"15:17:49 ET",M
COST,867.4,Put,1000,2026-01-16T16:30:00-06:00,18,"129.00 x 22","136.00 x 22",132.5,1550,mid,20537500,4297,145,0.00%,0,SLFT,N/A,"15:28:44 ET",M
MSTR,157.1875,Put,390,2026-03-20T16:30:00-05:00,81,"231.90 x 6","234.50 x 49",233.13,870,mid,20282300,870,319,104.26%,-0.9665848775,MFSL,ToOpen,"15:24:39 ET",M
CRCL,81.205,Put,140,2026-01-16T16:30:00-06:00,18,"58.15 x 129","60.25 x 285",59.17,3420,mid,20236100,3424,1710,139.28%,-0.9489199476,MFSL,ToOpen,"15:18:05 ET",M
META,659.6028,Put,765,2026-01-16T16:30:00-06:00,18,"103.40 x 72","108.25 x 74",105.9,1900,mid,20121000,4837,197,39.18%,-0.9602977201,SLFT,N/A,"15:28:16 ET",M
UNH,329.635,Put,600,2026-01-16T16:30:00-06:00,18,"267.35 x 48","273.45 x 46",273.45,730,ask,19961800,730,98,165.32%,-0.926707806,MLFT,BuyToOpen,"15:16:25 ET",M
META,659.86,Put,750,2026-01-16T16:30:00-06:00,18,"89.00 x 10","92.45 x 109",90.82,2180,mid,19798700,4433,300,36.10%,-0.9476470675,MFSL,N/A,"15:23:16 ET",M
MSTR,156.98,Put,380,2026-02-20T16:30:00-06:00,53,"222.10 x 1","224.45 x 64",222.1,890,bid,19766900,890,154,116.78%,-0.9761689244,MLFT,SellToOpen,"15:17:13 ET",M
ARM,110.715,Put,160,2026-01-16T16:30:00-06:00,18,"48.40 x 93","51.20 x 149",49.65,3960,mid,19661400,9110,1075,99.39%,-0.943597123,SLFT,N/A,"15:28:58 ET",M
COIN,234.63,Put,350,2026-01-16T16:30:00-06:00,18,"111.70 x 243","119.00 x 122",115.5,1700,mid,19635000,6522,574,86.95%,-0.9819688891,SLFT,N/A,"15:28:49 ET",M
MSTR,157.15,Put,370,2026-02-20T16:30:00-06:00,53,"212.30 x 2","213.55 x 2",212.9,900,mid,19161000,2370,182,107.19%,-0.9881963132,SLFT,N/A,"15:28:05 ET",M
MSTR,156.98,Put,370,2026-02-20T16:30:00-06:00,53,"212.10 x 1","213.65 x 1",213.65,890,ask,19014800,1040,182,123.56%,-0.9557021613,MLFT,BuyToOpen,"15:17:13 ET",M
ARM,110.715,Put,150,2026-01-16T16:30:00-06:00,18,"38.05 x 94","40.75 x 133",39.6,4800,mid,19008000,9880,909,82.06%,-0.9463388224,SLFT,N/A,"15:28:58 ET",M
COIN,234.631,Put,350,2026-01-16T16:30:00-06:00,18,"111.70 x 284","119.00 x 139",115.35,1640,mid,18917400,4822,574,0.00%,0,MFSL,N/A,"15:17:16 ET",M
MSTR,157.1875,Put,370,2026-01-16T16:30:00-06:00,18,"212.40 x 7","213.35 x 5",212.87,880,mid,18732500,1760,202,163.95%,-0.9908699216,MFSL,N/A,"15:24:27 ET",M
ADBE,352.89,Put,410,2026-01-16T16:30:00-06:00,18,"54.05 x 68","59.50 x 52",54.95,3390,mid,18628000,6700,694,0.00%,0,MLFT,N/A,"15:16:49 ET",M
MSTR,157.15,Put,375,2026-01-16T16:30:00-06:00,18,"217.40 x 5","218.45 x 5",217.95,825,mid,17980800,6910,478,170.82%,-0.9882158972,SLFT,N/A,"15:28:09 ET",M
MSTR,157.1875,Put,320,2026-01-16T16:30:00-06:00,18,"162.35 x 6","163.35 x 5",162.9,1080,mid,17593200,2930,343,142.28%,-0.9878810368,MFSL,N/A,"15:23:53 ET",M
META,659.6028,Put,760,2026-01-16T16:30:00-06:00,18,"98.65 x 54","103.30 x 59",101,1700,mid,17170000,4140,168,38.55%,-0.9538870091,SLFT,N/A,"15:28:16 ET",M
NFLX,94.12,Put,120,2026-01-16T16:30:00-06:00,18,"25.10 x 1172","26.80 x 983",25.8,6650,mid,17157000,8179,1643,58.74%,-0.9708363328,SLFT,ToOpen,"15:28:02 ET",M
NVDA,187.09,Call,135,2027-06-17T16:30:00-05:00,535,"73.10 x 181","74.30 x 427",73.7,2300,mid,16951000,2300,8006,50.14%,0.82223997214165,TLCT,N/A,"11:08:39 ET",M
BABA,148.16,Put,190,2026-01-16T16:30:00-06:00,18,"40.00 x 308","43.95 x 239",41.96,4010,mid,16825900,4097,2588,56.93%,-0.9740320995,MFSL,ToOpen,"15:15:56 ET",M
NOW,154.63,Put,232,2026-01-16T16:30:00-06:00,18,"75.70 x 303","80.70 x 300",75.7,2190,bid,16578300,2190,500,113.41%,-0.9338180988,MLFT,SellToOpen,"15:17:04 ET",M
UNH,329.6233,Put,500,2026-01-16T16:30:00-06:00,18,"167.35 x 91","171.65 x 95",169.5,975,mid,16526200,2890,176,85.90%,-0.9845308978,SLFT,N/A,"15:28:18 ET",M
CRWV,75.42,Put,130,2026-01-16T16:30:00-06:00,18,"52.85 x 615","56.45 x 575",54.2,3000,mid,16260000,5570,828,117.14%,-0.9807384139,MLFT,N/A,"15:28:38 ET",M
MSTR,157.15,Put,380,2026-02-20T16:30:00-06:00,53,"222.05 x 6","223.75 x 1",223.15,725,mid,16178300,2260,154,118.01%,-0.9732210914,SLFT,N/A,"15:28:05 ET",M
MSTR,157.1875,Put,295,2026-01-16T16:30:00-06:00,18,"137.35 x 5","138.40 x 5",137.87,1160,mid,15992900,3772,519,125.21%,-0.9891791718,MFSL,N/A,"15:23:53 ET",M
META,659.56,Put,765,2026-01-16T16:30:00-06:00,18,"104.20 x 51","108.25 x 55",108.05,1477,mid,15958900,1477,197,50.21%,-0.9014306231,MLFT,ToOpen,"15:15:35 ET",M
CRWV,75.7,Put,125,2026-01-16T16:30:00-06:00,18,"47.45 x 609","51.10 x 524",48.04,3260,mid,15661000,3430,1134,0.00%,-1.,MLFT,ToOpen,"15:16:45 ET",M
ZS,228.34,Put,280,2026-01-16T16:30:00-06:00,18,"50.35 x 135","53.40 x 118",51.9,3000,mid,15570000,3764,594,52.73%,-0.9603966307,SLFT,ToOpen,"15:28:04 ET",M
META,659.86,Put,765,2026-01-16T16:30:00-06:00,18,"103.40 x 60","108.25 x 60",105.96,1460,mid,15470100,2937,197,41.38%,-0.9474980226,MFSL,N/A,"15:23:16 ET",M
COIN,234.631,Put,340,2026-01-16T16:30:00-06:00,18,"104.00 x 932","107.10 x 245",105.57,1460,mid,15413200,3741,437,84.36%,-0.9762049331,MFSL,N/A,"15:17:16 ET",M
COST,866.82,Put,1005,2026-01-16T16:30:00-06:00,18,"134.00 x 34","141.15 x 38",141,1087,mid,15326700,2952,159,0.00%,0,MLFT,N/A,"15:15:20 ET",M
MRK,106.97,Call,110,2026-04-17T16:30:00-05:00,109,"5.05 x 168","5.20 x 29",5.09,29996,mid,15267900,30532,31458,27.39%,0.45555689605801,MLAT,N/A,"15:52:10 ET",M
UNH,329.635,Put,500,2026-01-16T16:30:00-06:00,18,"167.35 x 82","174.40 x 91",174.4,870,ask,15172800,1190,176,133.62%,-0.8953889474,MLFT,BuyToOpen,"15:16:25 ET",M
META,659.6028,Put,800,2026-01-16T16:30:00-06:00,18,"138.15 x 70","143.10 x 67",140.7,1075,mid,15125200,2427,109,45.75%,-0.9758667367,SLFT,N/A,"15:28:16 ET",M
BTI,57.166,Call,40,2026-01-16T16:30:00-06:00,18,"17.00 x 104","17.30 x 84",17,8880,bid,15096000,26161,889,0.00%,0,MLFT,N/A,"15:46:11 ET",M
AAPL,273.84,Put,295,2026-01-02T16:30:00-06:00,4,"20.20 x 8","21.95 x 116",21.3,7000,mid,14910000,7000,0,40.80%,-0.9599266737,MLFT,ToOpen,"15:29:09 ET",W
COST,866.82,Put,1000,2026-01-16T16:30:00-06:00,18,"129.00 x 31","136.00 x 12",136,1087,ask,14783200,2747,145,0.00%,0,MLFT,N/A,"15:15:20 ET",M
ARM,110.845,Put,160,2026-01-16T16:30:00-06:00,18,"48.40 x 108","51.20 x 132",50.76,2880,mid,14618800,5010,1075,129.15%,-0.8733861402,MLFT,N/A,"15:16:40 ET",M
NOW,154.524,Put,232,2026-01-16T16:30:00-06:00,18,"75.70 x 303","80.70 x 300",77.9,1850,mid,14411500,5880,500,99.47%,-0.9625508269,SLFT,N/A,"15:29:00 ET",M
COST,866.82,Put,1060,2026-01-16T16:30:00-06:00,18,"189.00 x 35","196.50 x 43",189,762,bid,14401800,2127,109,0.00%,0,MLFT,N/A,"15:15:09 ET",M
TTD,38.625,Put,110,2026-01-16T16:30:00-06:00,18,"70.30 x 701","73.40 x 707",71.85,2000,mid,14370000,2880,558,267.40%,-0.9313545571,SLFT,ToOpen,"15:28:23 ET",M
CRCL,81.205,Put,175,2026-01-16T16:30:00-06:00,18,"90.00 x 176","99.00 x 271",94.66,1510,mid,14293600,1510,500,206.80%,-0.9277319126,MFSL,ToOpen,"15:18:05 ET",M
NFLX,94.12,Put,114,2026-01-16T16:30:00-06:00,18,"18.85 x 203","20.40 x 195",19.7,7200,mid,14184000,7200,1794,0.00%,0,SLFT,ToOpen,"15:28:02 ET",M
ADBE,352.89,Put,410,2026-01-16T16:30:00-06:00,18,"54.05 x 61","59.50 x 90",56.66,2500,mid,14165000,6700,694,0.00%,0,MFSL,N/A,"15:14:35 ET",M
COIN,234.631,Put,360,2026-01-16T16:30:00-06:00,18,"121.50 x 157","129.60 x 118",129.6,1070,ask,13867200,1770,191,94.29%,-0.9796829904,MLFT,BuyToOpen,"15:16:54 ET",M
ZS,228.34,Put,270,2026-01-16T16:30:00-06:00,18,"40.35 x 132","43.40 x 118",41.9,3300,mid,13827000,3300,672,45.07%,-0.9550766185,SLFT,ToOpen,"15:28:04 ET",M
MSTR,157.1875,Put,380,2026-02-20T16:30:00-06:00,53,"222.05 x 6","223.75 x 1",222.86,620,mid,13817300,1510,154,109.95%,-0.9883649174,MFSL,N/A,"15:24:39 ET",M
UNH,329.48,Put,600,2026-01-16T16:30:00-06:00,18,"267.35 x 45","273.45 x 46",270.34,510,mid,13787300,2190,98,0.00%,0,MFSL,N/A,"15:37:05 ET",M
META,659.56,Put,750,2026-01-16T16:30:00-06:00,18,"89.00 x 70","93.05 x 70",93.05,1477,ask,13743400,2253,300,45.25%,-0.8930261998,MLFT,BuyToOpen,"15:15:35 ET",M
BABA,148.16,Put,185,2026-01-16T16:30:00-06:00,18,"35.00 x 479","38.95 x 438",36.96,3680,mid,13601200,3681,266,51.75%,-0.9722349202,MFSL,ToOpen,"15:15:56 ET",M
CRWV,75.7,Put,130,2026-01-16T16:30:00-06:00,18,"52.75 x 614","56.45 x 577",52.75,2570,bid,13556700,2570,828,138.52%,-0.9486870676,MLFT,SellToOpen,"15:16:45 ET",M
UNH,329.6233,Put,600,2026-01-16T16:30:00-06:00,18,"267.35 x 49","273.45 x 48",270.38,500,mid,13519000,1680,98,105.19%,-0.996967649,MLFT,N/A,"15:28:15 ET",M
CAR,130.82,Put,185,2026-01-16T16:30:00-06:00,18,"52.70 x 234","55.80 x 183",54.32,2480,mid,13471300,9480,2001,119.31%,-0.8813689945,MFSL,N/A,"15:16:33 ET",M
MRNA,31.19,Put,165,2026-01-16T16:30:00-06:00,18,"132.65 x 824","135.45 x 589",134.1,1000,mid,13410000,1000,463,369.27%,-0.9522025759,MLFT,ToOpen,"15:28:13 ET",M
MSTR,157.1875,Put,400,2026-01-16T16:30:00-06:00,18,"242.20 x 5","243.30 x 5",242.6,550,mid,13343000,1060,105,0.00%,0,MFSL,N/A,"15:24:27 ET",M
META,659.86,Put,740,2026-01-16T16:30:00-06:00,18,"78.80 x 101","82.95 x 111",80.76,1640,mid,13244600,1658,253,32.73%,-0.9464110919,MFSL,ToOpen,"15:23:16 ET",M
NOW,154.524,Put,232,2026-01-16T16:30:00-06:00,18,"75.70 x 303","80.70 x 300",77.92,1690,mid,13168400,5880,500,99.47%,-0.9625508269,MFSL,N/A,"15:25:17 ET",M
PLTR,184.89,Call,32,2026-01-16T16:30:00-06:00,18,"152.45 x 610","153.55 x 135",153,860,mid,13158000,2000,18298,293.86%,0.99872056766741,AUTO,N/A,"09:53:05 ET",M
TSLA,462.7517,Call,800,2028-01-21T16:30:00-06:00,753,"82.85 x 64","83.40 x 75",83.09,1551,mid,12887200,2115,7651,58.39%,0.44102307033072,MLET,N/A,"10:10:14 ET",M
TGT,98.125,Put,140,2026-01-16T16:30:00-06:00,18,"40.15 x 196","43.00 x 195",41.55,3100,mid,12880400,5320,685,92.94%,-0.9463882113,SLFT,ToOpen,"15:28:36 ET",M
NKE,61.11,Put,90,2026-01-16T16:30:00-06:00,18,"27.05 x 715","30.90 x 539",28.4,4500,mid,12780000,6470,1024,127.23%,-0.8904320099,SLFT,ToOpen,"15:29:03 ET",M
LULU,212.67,Put,350,2026-01-16T16:30:00-06:00,18,"135.05 x 34","140.20 x 37",135.05,940,bid,12694700,1770,355,112.54%,-0.9735602381,MLFT,N/A,"15:15:54 ET",M
LRCX,177.23,Put,170,2026-03-20T16:30:00-05:00,81,"12.15 x 69","12.65 x 77",12.6,10000,mid,12600000,10003,25303,50.57%,-0.375491517,SLCN,N/A,"10:39:03 ET",M
ARM,110.845,Put,150,2026-01-16T16:30:00-06:00,18,"38.05 x 117","40.75 x 145",40.75,3080,ask,12551000,5080,909,112.74%,-0.8613924503,MLFT,BuyToOpen,"15:16:40 ET",M
MSTR,156.98,Put,410,2026-01-16T16:30:00-06:00,18,"252.25 x 5","254.30 x 50",254.3,490,ask,12460700,490,81,0.00%,0,MLFT,BuyToOpen,"15:17:13 ET",M
UNH,329.48,Put,500,2026-01-16T16:30:00-06:00,18,"169.50 x 81","171.65 x 89",170.43,730,mid,12441300,3620,176,79.07%,-0.9924275383,MFSL,N/A,"15:36:56 ET",M
NOW,154.524,Put,188,2026-01-16T16:30:00-06:00,18,"30.00 x 316","36.30 x 298",33.6,3675,mid,12348000,8325,860,49.69%,-0.965410637,SLFT,N/A,"15:29:00 ET",M
PLTR,184.89,Call,32,2026-01-16T16:30:00-06:00,18,"153.00 x 162","153.55 x 112",153,800,bid,12240000,2000,18298,293.86%,0.99872056766741,AUTO,N/A,"09:52:10 ET",M
MSTR,157.15,Put,310,2026-01-16T16:30:00-06:00,18,"152.45 x 5","153.45 x 5",152.95,800,mid,12235900,2112,161,137.95%,-0.9855564572,SLFT,N/A,"15:28:09 ET",M
CAR,130.82,Put,175,2026-01-16T16:30:00-06:00,18,"42.70 x 223","46.10 x 203",44.32,2750,mid,12188000,9750,2508,105.64%,-0.8704667537,MFSL,N/A,"15:16:33 ET",M
MSTR,157.15,Put,400,2026-01-16T16:30:00-06:00,18,"242.40 x 5","243.50 x 5",243,500,mid,12150000,1560,105,186.23%,-0.9846138369,SLFT,N/A,"15:28:09 ET",M
NKE,61.11,Put,80,2026-01-16T16:30:00-06:00,18,"17.10 x 712","20.25 x 516",18.9,6400,mid,12095900,10050,1601,53.38%,-0.9907781499,SLFT,ToOpen,"15:29:03 ET",M
ADBE,352.89,Put,420,2026-01-16T16:30:00-06:00,18,"65.50 x 43","69.95 x 49",65.5,1840,bid,12052000,3420,305,49.50%,-0.9427833022,MLFT,N/A,"15:16:49 ET",M
UNH,329.6233,Put,500,2026-01-16T16:30:00-06:00,18,"167.35 x 89","174.40 x 95",171.65,700,mid,12015500,2890,176,85.90%,-0.9845308978,SLFT,N/A,"15:26:32 ET",M
META,659.86,Put,760,2026-01-16T16:30:00-06:00,18,"98.65 x 34","103.30 x 43",101.14,1180,mid,11934500,2440,168,41.03%,-0.9399498336,MFSL,N/A,"15:23:16 ET",M
MSTR,156.98,Put,400,2026-01-16T16:30:00-06:00,18,"242.35 x 5","243.65 x 5",242.35,480,bid,11632800,510,105,190.39%,-0.9822982745,MLFT,SellToOpen,"15:17:13 ET",M
MSTR,156.98,Put,370,2026-01-16T16:30:00-06:00,18,"212.40 x 11","213.40 x 8",212.4,540,bid,11469600,880,202,0.00%,0,MLFT,N/A,"15:17:13 ET",M
AAPL,273.84,Put,290,2026-01-02T16:30:00-06:00,4,"15.90 x 212","16.45 x 142",16.3,7000,mid,11410000,12026,1651,33.11%,-0.9519019968,MLFT,ToOpen,"15:29:09 ET",W
META,659.56,Put,800,2026-01-16T16:30:00-06:00,18,"139.25 x 51","143.10 x 55",139.53,817,mid,11399600,817,109,50.45%,-0.9583957024,MLFT,ToOpen,"15:15:59 ET",M
COIN,234.63,Put,360,2026-01-16T16:30:00-06:00,18,"121.50 x 139","129.60 x 147",126.05,900,mid,11344500,2670,191,107.97%,-0.9556247234,SLFT,N/A,"15:28:49 ET",M
MSTR,157.1875,Put,310,2026-01-16T16:30:00-06:00,18,"152.20 x 10","153.60 x 5",152.89,740,mid,11313800,1312,161,135.81%,-0.9881823465,MFSL,ToOpen,"15:23:53 ET",M
LULU,212.67,Put,350,2026-01-16T16:30:00-06:00,18,"135.05 x 34","140.20 x 37",135.06,830,mid,11209900,1770,355,112.54%,-0.9735602381,MLFT,N/A,"15:15:54 ET",M
TSLA,462.7517,Call,900,2028-01-21T16:30:00-06:00,753,"71.00 x 40","71.50 x 42",71.29,1551,mid,11057000,2060,6080,59.00%,0.39085644318886,MLET,N/A,"10:10:14 ET",M
TGT,98.125,Put,145,2026-01-16T16:30:00-06:00,18,"45.10 x 201","47.90 x 183",46.55,2350,mid,10939200,3930,617,97.90%,-0.9535934691,SLFT,ToOpen,"15:28:36 ET",M
STZ,138.69,Put,270,2026-01-16T16:30:00-06:00,18,"129.70 x 8","133.40 x 9",133.39,820,mid,10937900,820,172,196.00%,-0.9057212468,MLFT,ToOpen,"15:15:49 ET",M
CRCL,81.205,Put,200,2026-01-16T16:30:00-06:00,18,"112.00 x 191","124.50 x 337",118.47,920,mid,10899200,920,261,0.00%,0,MFSL,ToOpen,"15:18:05 ET",M
MSTR,156.98,Put,350,2026-02-20T16:30:00-06:00,53,"192.25 x 1","193.50 x 2",193.49,560,mid,10835400,4526,905,114.15%,-0.9597240726,MLFT,N/A,"15:17:13 ET",M
UNH,329.6233,Put,600,2026-01-16T16:30:00-06:00,18,"267.35 x 49","273.45 x 48",270.15,400,mid,10805900,1680,98,105.19%,-0.996967649,SLFT,N/A,"15:26:32 ET",M
COST,866.82,Put,960,2026-01-16T16:30:00-06:00,18,"90.10 x 44","96.05 x 18",93.04,1160,mid,10792600,1160,135,0.00%,0,MFSL,ToOpen,"15:17:39 ET",M
NKE,61.11,Put,120,2026-01-16T16:30:00-06:00,18,"57.00 x 719","60.90 x 532",59.5,1800,mid,10710000,3720,500,180.33%,-0.9317472737,SLFT,N/A,"15:29:03 ET",M
ADBE,352.89,Put,420,2026-01-16T16:30:00-06:00,18,"65.50 x 86","69.95 x 83",67.66,1580,mid,10690200,3420,305,49.50%,-0.9427833022,MFSL,N/A,"15:14:35 ET",M
MSFT,486.97,Put,525,2026-01-16T16:30:00-06:00,18,"36.20 x 106","39.60 x 103",37.76,2800,mid,10572800,2800,713,0.00%,0,MFSL,ToOpen,"15:23:41 ET",M
NFLX,94.4,Put,102,2026-01-09T16:30:00-06:00,11,"7.20 x 617","7.70 x 14",7.5,13909,mid,10431700,13909,205,0.00%,0,SLCN,ToOpen,"09:59:03 ET",W
CI,275.89,Put,380,2026-01-16T16:30:00-06:00,18,"101.90 x 96","105.30 x 14",103.6,1000,mid,10360000,1670,42,0.00%,0,MLFT,ToOpen,"15:28:51 ET",M
BTI,57.175,Call,37,2027-01-15T16:30:00-06:00,382,"20.10 x 200","20.30 x 14",20.3,5040,ask,10231200,73080,4017,33.50%,0.94379240970406,SLFT,N/A,"15:14:09 ET",M
HD,346.74,Put,400,2026-01-16T16:30:00-06:00,18,"52.30 x 45","55.25 x 48",53.75,1900,mid,10212500,5920,375,38.76%,-0.9486132908,SLFT,N/A,"15:28:27 ET",M
ADBE,352.81,Put,420,2026-01-16T16:30:00-06:00,18,"65.50 x 81","69.95 x 89",67.9,1500,mid,10185000,4920,305,50.59%,-0.9378600791,SLFT,N/A,"15:29:04 ET",M
BTI,57.175,Call,37,2027-01-15T16:30:00-06:00,382,"20.00 x 222","20.30 x 14",20.2,5040,mid,10180800,73080,4017,33.50%,0.94379240970406,SLFT,N/A,"15:13:54 ET",M
ZS,228.06,Put,270,2026-01-16T16:30:00-06:00,18,"40.35 x 135","43.40 x 123",41.88,2430,mid,10176800,5730,672,0.00%,0,MFSL,N/A,"15:37:58 ET",M
MSTR,157.15,Put,410,2026-01-16T16:30:00-06:00,18,"252.45 x 10","253.45 x 5",252.95,400,mid,10118000,1270,81,186.04%,-0.9885788216,SLFT,N/A,"15:28:09 ET",M
BTI,57.175,Call,37,2027-01-15T16:30:00-06:00,382,"20.00 x 5","20.30 x 115",20.2,4980,mid,10059600,78120,4017,33.50%,0.94379240970406,SLFT,N/A,"15:14:25 ET",M
COST,867.4,Put,960,2026-01-16T16:30:00-06:00,18,"90.10 x 6","96.05 x 26",93.55,1075,mid,10056600,2235,135,30.14%,-0.9380721231,SLFT,N/A,"15:28:44 ET",M
META,659.86,Put,735,2026-01-16T16:30:00-06:00,18,"73.90 x 68","78.35 x 100",76,1320,mid,10032000,1325,234,32.60%,-0.9344198518,MFSL,ToOpen,"15:23:16 ET",M
ADBE,352.89,Put,580,2026-01-16T16:30:00-06:00,18,"225.45 x 44","230.40 x 38",225.45,440,bid,9919800,810,60,118.38%,-0.9647670017,MLFT,SellToOpen,"15:16:49 ET",M
BTI,57.175,Call,37,2027-01-15T16:30:00-06:00,382,"17.50 x 135","20.30 x 14",20.1,4860,mid,9768600,73080,4017,33.50%,0.94379240970406,SLFT,N/A,"15:13:43 ET",M
BRK.B,498.95,Call,230,2027-01-15T16:30:00-06:00,382,"277.65 x 81","278.50 x 348",278.5,348,ask,9691800,1002,72,40.55%,0.98469760581941,AUTO,N/A,"12:35:53 ET",M
BTI,57.166,Call,50,2026-01-16T16:30:00-06:00,18,"5.90 x 112","7.40 x 92",6.5,14850,mid,9652500,184381,8871,0.00%,0,MLFT,N/A,"15:46:11 ET",M
MSTR,157.1875,Put,410,2026-01-16T16:30:00-06:00,18,"252.20 x 5","253.60 x 5",252.9,380,mid,9610200,870,81,184.71%,-0.9891112449,MFSL,N/A,"15:24:27 ET",M
HD,346.67,Put,400,2026-01-16T16:30:00-06:00,18,"52.30 x 46","55.25 x 46",53.76,1780,mid,9569200,4020,375,38.02%,-0.9525437383,MFSL,N/A,"15:21:50 ET",M
BTI,57.166,Call,30,2026-01-16T16:30:00-06:00,18,"27.00 x 15","27.30 x 58",27,3500,bid,9450000,9263,238,135.28%,0.99043688256005,MLFT,N/A,"15:46:11 ET",M
MSTR,157.1875,Put,370,2026-02-20T16:30:00-06:00,53,"212.10 x 1","213.70 x 1",212.77,430,mid,9149100,1470,182,104.52%,-0.9910960665,MFSL,N/A,"15:24:39 ET",M
META,656.595,Put,670,2027-01-15T16:30:00-06:00,382,"89.65 x 7","90.20 x 34",90.1,1000,mid,9010000,1002,677,34.79%,-0.4298513386,MLFT,ToOpen,"13:55:06 ET",M
NFLX,94.12,Put,118,2026-01-16T16:30:00-06:00,18,"22.85 x 1164","24.05 x 830",23.35,3850,mid,8989700,4781,961,0.00%,0,SLFT,ToOpen,"15:28:02 ET",M
ZS,228.06,Put,280,2026-01-16T16:30:00-06:00,18,"50.35 x 139","53.40 x 118",51.84,1730,mid,8968300,5494,594,0.00%,0,MFSL,N/A,"15:37:57 ET",M
NKE,61.15,Put,120,2026-01-16T16:30:00-06:00,18,"57.00 x 712","60.90 x 544",60.1,1480,mid,8894800,1480,500,211.55%,-0.8850433167,MLFT,ToOpen,"15:16:58 ET",M
COIN,234.631,Put,360,2026-01-16T16:30:00-06:00,18,"121.50 x 159","129.60 x 597",125.55,700,mid,8788500,1770,191,94.29%,-0.9796829904,MFSL,N/A,"15:17:16 ET",M
COST,866.82,Put,1080,2026-01-16T16:30:00-06:00,18,"208.95 x 15","216.40 x 15",212.71,410,mid,8721100,657,33,0.00%,0,MFSL,ToOpen,"15:17:39 ET",M
NKE,61.11,Put,77.5,2026-01-16T16:30:00-06:00,18,"15.40 x 953","18.40 x 978",16.7,5200,mid,8684000,7041,1014,72.77%,-0.918110747,SLFT,ToOpen,"15:29:03 ET",M
TGT,97.975,Put,140,2026-01-16T16:30:00-06:00,18,"40.10 x 207","43.00 x 186",40.1,2140,bid,8581400,2220,685,0.00%,0,MLFT,SellToOpen,"15:16:09 ET",M
HD,346.76,Put,390,2026-01-16T16:30:00-06:00,18,"42.30 x 39","45.25 x 45",43.09,1990,mid,8574900,1990,338,33.68%,-0.939118068,MLFT,ToOpen,"15:16:15 ET",M
NFLX,94.12,Put,122,2026-01-16T16:30:00-06:00,18,"26.85 x 179","28.85 x 200",28.1,3050,mid,8570500,3810,766,70.51%,-0.9472758245,SLFT,ToOpen,"15:28:02 ET",M
META,659.56,Put,760,2026-01-16T16:30:00-06:00,18,"99.20 x 52","103.30 x 51",103.3,817,ask,8439600,1260,168,49.54%,-0.8939892637,MLFT,BuyToOpen,"15:15:59 ET",M
TSLA,467.15,Call,300,2026-01-16T16:30:00-06:00,18,"168.05 x 165","168.75 x 500",168.75,500,ask,8437500,5377,17189,90.79%,0.98944646159859,AUTO,N/A,"09:47:44 ET",M
ADBE,352.89,Put,580,2026-01-16T16:30:00-06:00,18,"225.45 x 44","230.40 x 40",227.98,370,mid,8435200,810,60,118.38%,-0.9647670017,MFSL,N/A,"15:14:35 ET",M
TSLA,467.15,Call,300,2026-01-16T16:30:00-06:00,18,"167.05 x 202","167.90 x 37",167.78,500,mid,8389000,5377,17189,90.79%,0.98944646159859,AUTO,N/A,"09:46:57 ET",M
TSLA,464.575,Call,300,2026-01-16T16:30:00-06:00,18,"167.00 x 194","167.65 x 500",167.65,500,ask,8382500,7988,17189,108.19%,0.97428513657496,AUTO,N/A,"09:48:47 ET",M
TSLA,467.15,Call,300,2026-01-16T16:30:00-06:00,18,"167.05 x 81","167.05 x 500",167.05,500,ask,8352500,5377,17189,90.79%,0.98944646159859,AUTO,N/A,"09:46:36 ET",M
TSLA,464.575,Call,300,2026-01-16T16:30:00-06:00,18,"165.95 x 136","166.90 x 500",166.9,500,ask,8345000,7988,17189,108.19%,0.97428513657496,AUTO,N/A,"09:50:03 ET",M
TSLA,464.575,Call,300,2026-01-16T16:30:00-06:00,18,"165.95 x 223","167.50 x 80",166.73,500,mid,8336500,7988,17189,108.19%,0.97428513657496,SLAN,N/A,"09:49:41 ET",M
TSLA,464.575,Call,300,2026-01-16T16:30:00-06:00,18,"166.10 x 296","166.45 x 115",166.43,500,mid,8321500,7988,17189,108.19%,0.97428513657496,AUTO,N/A,"09:50:37 ET",M
TSLA,464.575,Call,300,2026-01-16T16:30:00-06:00,18,"166.30 x 18","166.30 x 373",166.3,500,ask,8315000,7988,17189,108.19%,0.97428513657496,AUTO,N/A,"09:51:39 ET",M
TSLA,467.15,Call,300,2026-01-16T16:30:00-06:00,18,"165.45 x 105","166.30 x 21",165.88,500,mid,8294000,5377,17189,90.79%,0.98944646159859,AUTO,N/A,"09:45:49 ET",M
UNH,329.635,Put,400,2026-01-16T16:30:00-06:00,18,"68.60 x 174","73.95 x 186",68.6,1190,bid,8163400,1190,201,55.18%,-0.9363342326,MLFT,SellToOpen,"15:16:25 ET",M
UNH,329.635,Put,510,2026-01-16T16:30:00-06:00,18,"177.35 x 45","183.60 x 46",177.35,460,bid,8158100,460,68,85.68%,-0.9889451336,MLFT,SellToOpen,"15:16:25 ET",M
AMT,175.65,Put,210,2026-01-16T16:30:00-06:00,18,"33.10 x 7","36.20 x 13",34.52,2350,mid,8112200,2352,989,42.20%,-0.9683841637,MFSL,ToOpen,"15:15:03 ET",M
HD,346.74,Put,390,2026-01-16T16:30:00-06:00,18,"42.30 x 39","45.25 x 49",43.8,1850,mid,8103000,5380,338,33.75%,-0.9388169874,SLFT,N/A,"15:28:27 ET",M
TSLA,463.325,Call,300,2026-01-16T16:30:00-06:00,18,"164.15 x 353","164.65 x 290",164.63,492,mid,8099700,9192,17189,108.93%,0.97288983572619,AUTO,N/A,"09:53:19 ET",M
MSFT,487.12,Put,535,2026-01-16T16:30:00-06:00,18,"46.20 x 63","48.95 x 70",46.47,1710,mid,7946300,1710,244,0.00%,0,MLFT,ToOpen,"15:15:44 ET",M
MSTR,156.98,Put,310,2026-01-16T16:30:00-06:00,18,"152.50 x 1","153.70 x 1",152.62,520,mid,7936200,572,161,146.73%,-0.9777727337,MLFT,ToOpen,"15:16:30 ET",M
ARM,110.845,Put,150,2026-01-16T16:30:00-06:00,18,"38.05 x 91","40.75 x 137",39.56,2000,mid,7912000,5080,909,112.74%,-0.8613924503,MFSL,N/A,"15:15:20 ET",M
TSLA,462.18,Put,550,2026-01-02T16:30:00-06:00,4,"86.40 x 28","88.65 x 1",87.74,900,mid,7896600,900,149,70.04%,-0.9935761267,MFSL,ToOpen,"15:36:14 ET",W
TSLA,462.18,Put,640,2026-01-16T16:30:00-06:00,18,"176.05 x 34","179.60 x 39",177.96,440,mid,7830200,440,50,70.35%,-0.9854189059,MFSL,ToOpen,"15:36:14 ET",M
HD,346.67,Put,380,2026-01-16T16:30:00-06:00,18,"32.30 x 52","35.25 x 43",33.76,2240,mid,7562200,2240,1469,26.73%,-0.9371186984,MFSL,ToOpen,"15:21:50 ET",M
ARM,110.845,Put,160,2026-01-16T16:30:00-06:00,18,"48.40 x 95","51.20 x 146",49.63,1520,mid,7543700,5010,1075,129.15%,-0.8733861402,MFSL,N/A,"15:15:21 ET",M
BTI,57.175,Call,50,2026-01-16T16:30:00-06:00,18,"7.10 x 222","7.30 x 15",7.2,10440,mid,7516800,156190,8871,32.77%,0.97320744610602,SLFT,N/A,"15:13:43 ET",M
BTI,57.175,Call,50,2026-01-16T16:30:00-06:00,18,"5.90 x 15","7.30 x 15",7.2,10440,mid,7516800,156190,8871,32.77%,0.97320744610602,SLFT,N/A,"15:14:09 ET",M
BTI,57.175,Call,50,2026-01-16T16:30:00-06:00,18,"5.90 x 7","7.30 x 15",7.2,10440,mid,7516800,156190,8871,32.77%,0.97320744610602,SLFT,N/A,"15:13:54 ET",M
BTI,57.175,Call,50,2026-01-16T16:30:00-06:00,18,"7.10 x 74","7.30 x 15",7.2,10440,mid,7516800,166630,8871,32.77%,0.97320744610602,SLFT,N/A,"15:14:25 ET",M
MSTR,156.98,Put,350,2026-01-16T16:30:00-06:00,18,"192.40 x 2","193.45 x 5",192.41,390,mid,7503900,6050,1092,0.00%,0,MLFT,N/A,"15:16:30 ET",M
MSTR,156.98,Put,300,2026-01-16T16:30:00-06:00,18,"142.45 x 5","143.45 x 6",143.45,520,ask,7459400,5300,1042,0.00%,0,MLFT,N/A,"15:16:30 ET",M
AAPL,273.85,Put,290,2026-01-02T16:30:00-06:00,4,"15.65 x 92","16.55 x 714",16.1,4630,mid,7454300,5022,1651,28.55%,-0.9767121389,MFSL,ToOpen,"15:14:13 ET",W
NFLX,94.12,Put,116,2026-01-16T16:30:00-06:00,18,"20.85 x 695","23.40 x 242",21.55,3450,mid,7434700,4290,864,71.43%,-0.8943940238,SLFT,ToOpen,"15:28:02 ET",M
MSTR,157.15,Put,305,2026-01-16T16:30:00-06:00,18,"147.40 x 5","148.45 x 5",147.95,500,mid,7397500,1410,93,135.09%,-0.9854018917,SLFT,N/A,"15:28:09 ET",M
NOW,154.524,Put,188,2026-01-16T16:30:00-06:00,18,"30.00 x 316","36.30 x 298",33.5,2200,mid,7370000,8325,860,49.69%,-0.965410637,MFSL,N/A,"15:25:16 ET",M
PDD,113.785,Put,150,2026-01-16T16:30:00-06:00,18,"35.40 x 289","38.25 x 225",36.8,2000,mid,7360000,4580,500,84.10%,-0.9198732468,SLFT,N/A,"15:28:57 ET",M
CI,275.89,Put,350,2026-01-16T16:30:00-06:00,18,"71.90 x 119","75.30 x 49",73.6,1000,mid,7360000,2160,255,0.00%,0,MLFT,N/A,"15:28:51 ET",M
NOW,154.63,Put,188,2026-01-16T16:30:00-06:00,18,"30.00 x 307","36.30 x 293",36.3,2010,ask,7296300,2450,860,92.10%,-0.8029663064,MLFT,BuyToOpen,"15:17:04 ET",M
TGT,97.975,Put,145,2026-01-16T16:30:00-06:00,18,"45.10 x 203","47.90 x 191",46.06,1580,mid,7277400,1580,617,0.00%,0,MLFT,ToOpen,"15:16:09 ET",M
CRWV,75.7,Put,150,2026-01-16T16:30:00-06:00,18,"74.10 x 85","74.85 x 426",74.1,980,bid,7261800,1005,763,153.78%,-0.970611631,MLFT,SellToOpen,"15:16:45 ET",M
META,659.6028,Put,780,2026-01-16T16:30:00-06:00,18,"118.40 x 41","124.30 x 52",120.8,600,mid,7248000,1405,58,42.33%,-0.9676850442,SLFT,N/A,"15:28:16 ET",M
MSTR,156.98,Put,370,2026-01-16T16:30:00-06:00,18,"212.40 x 1","213.45 x 5",212.4,340,bid,7221600,880,202,0.00%,0,MLFT,N/A,"15:16:30 ET",M
SBUX,85.64,Put,115,2026-01-16T16:30:00-06:00,18,"27.40 x 428","30.10 x 285",28.84,2500,mid,7210000,5410,851,0.00%,0,MLFT,N/A,"15:28:50 ET",M
META,659.86,Put,800,2026-01-16T16:30:00-06:00,18,"138.90 x 49","143.10 x 57",141.28,510,mid,7205200,1327,109,53.22%,-0.9473563086,MFSL,N/A,"15:23:29 ET",M
MSTR,156.98,Put,290,2026-01-16T16:30:00-06:00,18,"132.20 x 5","133.50 x 5",132.2,545,bid,7204900,550,111,134.58%,-0.9756844411,MLFT,SellToOpen,"15:17:13 ET",M
META,659.56,Put,750,2026-01-16T16:30:00-06:00,18,"89.00 x 117","93.05 x 841",93.05,773,ask,7192700,2253,300,45.25%,-0.8930261998,MLFT,N/A,"15:15:59 ET",M
MSFT,487.11,Put,535,2026-01-16T16:30:00-06:00,18,"46.20 x 121","48.15 x 16",47.82,1500,mid,7173000,4370,244,0.00%,0,MLFT,N/A,"15:28:12 ET",M
MSTR,156.98,Put,305,2026-01-16T16:30:00-06:00,18,"147.25 x 5","149.30 x 48",149.3,480,ask,7166400,480,93,0.00%,0,MLFT,BuyToOpen,"15:17:13 ET",M
TSLA,467.4801,Call,400,2027-01-15T16:30:00-06:00,382,"142.20 x 100","143.25 x 171",142.87,500,mid,7143500,8437,10055,56.10%,0.73311923650784,AUTO,N/A,"10:36:50 ET",M
TSLA,467.4801,Call,400,2027-01-15T16:30:00-06:00,382,"142.65 x 8","143.05 x 10",142.85,500,mid,7142500,8437,10055,56.10%,0.73311923650784,AUTO,N/A,"10:37:10 ET",M
TSLA,467.4801,Call,400,2027-01-15T16:30:00-06:00,382,"141.95 x 5","142.95 x 10",142.73,500,mid,7136500,8437,10055,56.10%,0.73311923650784,AUTO,N/A,"10:37:32 ET",M
TSLA,467.4801,Call,400,2027-01-15T16:30:00-06:00,382,"142.70 x 500","142.95 x 1",142.7,500,bid,7135000,8437,10055,56.10%,0.73311923650784,AUTO,N/A,"10:38:18 ET",M
TSLA,467.4801,Call,400,2027-01-15T16:30:00-06:00,382,"141.85 x 92","142.60 x 35",142.62,500,ask,7131000,8437,10055,56.10%,0.73311923650784,AUTO,N/A,"10:36:11 ET",M
UNH,329.635,Put,590,2026-01-16T16:30:00-06:00,18,"257.00 x 48","263.10 x 163",263.1,270,ask,7103700,272,38,158.26%,-0.9311639853,MLFT,BuyToOpen,"15:16:25 ET",M
TSLA,466.479,Call,400,2027-01-15T16:30:00-06:00,382,"141.85 x 488","142.40 x 100",141.85,500,bid,7092500,3141,10055,56.18%,0.73186772960178,AUTO,N/A,"10:27:47 ET",M
TSLA,466.265,Call,400,2027-01-15T16:30:00-06:00,382,"141.20 x 55","141.85 x 20",141.52,500,mid,7076000,5141,10055,55.87%,0.73168701354436,AUTO,N/A,"10:29:13 ET",M
TSLA,466.265,Call,400,2027-01-15T16:30:00-06:00,382,"141.50 x 500","141.85 x 72",141.52,500,mid,7076000,5141,10055,55.87%,0.73168701354436,AUTO,N/A,"10:29:26 ET",M
UNH,329.6233,Put,400,2026-01-16T16:30:00-06:00,18,"68.60 x 186","71.35 x 161",70.7,1000,mid,7070000,2990,201,47.05%,-0.9661510789,SLFT,N/A,"15:28:18 ET",M
TSLA,466.479,Call,400,2027-01-15T16:30:00-06:00,382,"140.90 x 311","141.25 x 184",140.9,500,bid,7045000,3141,10055,56.18%,0.73186772960178,AUTO,N/A,"10:24:42 ET",M
NVDA,187.34,Call,190,2026-06-18T16:30:00-05:00,171,"23.30 x 329","23.45 x 252",23.31,3000,mid,6993000,3393,28708,45.37%,0.56526277995396,MLCT,N/A,"10:45:54 ET",M
PDD,113.785,Put,165,2026-01-16T16:30:00-06:00,18,"50.40 x 280","53.15 x 217",51.75,1350,mid,6986200,3100,347,102.11%,-0.9393367306,SLFT,N/A,"15:28:57 ET",M
META,659.86,Put,795,2026-01-16T16:30:00-06:00,18,"133.90 x 52","139.40 x 60",136.28,510,mid,6950200,645,18,51.86%,-0.9459342527,MFSL,ToOpen,"15:23:29 ET",M
TMUS,203.835,Put,270,2026-01-16T16:30:00-06:00,18,"65.00 x 93","68.00 x 107",68,1020,ask,6936000,1020,214,94.15%,-0.892905215,MLFT,BuyToOpen,"15:15:25 ET",M
MRNA,31.19,Put,100,2026-01-16T16:30:00-06:00,18,"67.05 x 172","70.65 x 105",69.1,1000,mid,6910000,1000,0,278.67%,-0.9450511822,MLFT,ToOpen,"15:28:13 ET",M
UNH,329.48,Put,400,2026-01-16T16:30:00-06:00,18,"68.60 x 180","71.35 x 145",70.15,980,mid,6874700,3970,201,0.00%,0,MFSL,N/A,"15:36:56 ET",M
COIN,234.631,Put,380,2026-01-16T16:30:00-06:00,18,"142.40 x 51","149.60 x 918",146.01,470,mid,6862400,920,79,117.89%,-0.9599694556,MFSL,N/A,"15:17:16 ET",M
STZ,138.7001,Put,270,2026-01-16T16:30:00-06:00,18,"129.70 x 8","133.20 x 6",131.51,520,mid,6838500,1790,172,139.73%,-0.9789417235,MFSL,N/A,"15:35:13 ET",M
KLAC,1265,Put,1200,2026-03-20T16:30:00-05:00,81,"63.60 x 17","70.60 x 29",68,1000,mid,6800000,1000,3054,43.42%,-0.3490912448,SLFT,N/A,"12:13:52 ET",M
CRWV,75.59,Put,150,2026-01-16T16:30:00-06:00,18,"74.10 x 376","74.85 x 426",74.47,910,mid,6776700,1915,763,140.89%,-0.9838935451,MFSL,N/A,"15:18:28 ET",M
TSLA,466.479,Call,400,2027-01-15T16:30:00-06:00,382,"141.10 x 480","141.30 x 113",141.1,480,bid,6772800,3141,10055,56.18%,0.73186772960178,AUTO,N/A,"10:26:47 ET",M
TGT,98.29,Put,140,2026-01-16T16:30:00-06:00,18,"41.00 x 186","43.00 x 206",42.02,1610,mid,6765200,6930,685,88.44%,-0.9549253845,MFSL,N/A,"15:35:44 ET",M
HD,346.67,Put,390,2026-01-16T16:30:00-06:00,18,"42.30 x 39","45.25 x 48",43.78,1540,mid,6742100,3530,338,32.78%,-0.9447706552,MFSL,N/A,"15:21:50 ET",M
COIN,234.631,Put,380,2026-01-16T16:30:00-06:00,18,"142.40 x 51","149.60 x 59",149.6,450,ask,6732000,920,79,117.89%,-0.9599694556,MLFT,N/A,"15:16:54 ET",M
ABNB,136.96,Put,170,2026-01-16T16:30:00-06:00,18,"32.55 x 341","34.60 x 345",33.6,2000,mid,6720000,4490,439,67.04%,-0.9185344493,SLFT,N/A,"15:29:06 ET",M
TMUS,203.785,Put,270,2026-01-16T16:30:00-06:00,18,"65.00 x 92","68.00 x 89",66.5,1000,mid,6650000,2095,214,69.51%,-0.9618512097,SLFT,N/A,"15:28:29 ET",M
UNH,329.635,Put,450,2026-01-16T16:30:00-06:00,18,"117.00 x 45","123.50 x 46",122.87,540,mid,6634900,540,85,97.07%,-0.9097213682,MLFT,ToOpen,"15:16:25 ET",M
TSLA,462.18,Put,620,2026-01-16T16:30:00-06:00,18,"156.05 x 37","159.25 x 30",157.48,420,mid,6614100,420,56,0.00%,0,MFSL,ToOpen,"15:36:14 ET",M
TSM,299.46,Call,195,2026-06-18T16:30:00-05:00,171,"109.00 x 343","111.90 x 328",110,600,mid,6600000,602,1133,48.77%,0.92843331036532,SLFT,N/A,"13:19:05 ET",M
BTI,57.175,Call,45,2026-01-16T16:30:00-06:00,18,"12.10 x 1","12.30 x 51",12.2,5400,mid,6588000,81012,4370,54.02%,0.98308243846465,SLFT,N/A,"15:14:09 ET",M
BTI,57.175,Call,45,2026-01-16T16:30:00-06:00,18,"12.10 x 1","12.30 x 51",12.2,5400,mid,6588000,81012,4370,54.02%,0.98308243846465,SLFT,N/A,"15:13:54 ET",M
BTI,57.175,Call,45,2026-01-16T16:30:00-06:00,18,"12.10 x 1","12.30 x 62",12.2,5400,mid,6588000,81012,4370,54.02%,0.98308243846465,SLFT,N/A,"15:13:43 ET",M
BTI,57.175,Call,45,2026-01-16T16:30:00-06:00,18,"12.10 x 1","12.30 x 51",12.2,5400,mid,6588000,86412,4370,54.02%,0.98308243846465,SLFT,N/A,"15:14:25 ET",M
TMUS,203.19,Put,270,2026-01-16T16:30:00-06:00,18,"65.00 x 108","68.00 x 111",66.44,990,mid,6577500,3085,214,0.00%,0,MFSL,N/A,"15:36:00 ET",M
COST,866.82,Put,1060,2026-03-20T16:30:00-05:00,81,"189.05 x 16","196.20 x 14",192.5,340,mid,6545000,340,19,0.00%,0,MFSL,ToOpen,"15:17:49 ET",M
MSFT,487.12,Put,530,2026-01-16T16:30:00-06:00,18,"41.20 x 82","44.60 x 81",41.21,1570,mid,6469900,1740,250,20.35%,-0.9868949526,MLFT,ToOpen,"15:15:44 ET",M
TTD,38.65,Put,110,2026-01-16T16:30:00-06:00,18,"70.30 x 750","73.40 x 740",73.4,880,ask,6459200,880,558,358.85%,-0.8205394476,MLFT,BuyToOpen,"15:15:05 ET",M
MSTR,156.98,Put,275,2026-01-16T16:30:00-06:00,18,"117.25 x 5","119.25 x 80",119.25,540,ask,6439500,541,112,0.00%,0,MLFT,BuyToOpen,"15:17:13 ET",M
HD,346.76,Put,400,2026-01-16T16:30:00-06:00,18,"52.30 x 41","55.25 x 47",52.3,1230,bid,6432900,2240,375,39.29%,-0.9459937898,MLFT,N/A,"15:16:15 ET",M
ADBE,352.81,Put,410,2026-01-16T16:30:00-06:00,18,"54.10 x 97","59.50 x 94",57.1,1125,mid,6423700,7825,694,0.00%,0,SLFT,N/A,"15:29:04 ET",M
MSFT,487.11,Put,530,2026-01-16T16:30:00-06:00,18,"41.20 x 109","44.60 x 111",42.82,1500,mid,6423000,4410,250,20.01%,-0.9891597013,MLFT,N/A,"15:28:12 ET",M
TSLA,466.479,Call,400,2027-01-15T16:30:00-06:00,382,"141.15 x 443","141.20 x 113",141.15,454,bid,6408200,3141,10055,56.18%,0.73186772960178,AUTO,N/A,"10:26:20 ET",M
MSTR,157.1875,Put,305,2026-01-16T16:30:00-06:00,18,"147.20 x 5","148.60 x 5",147.89,430,mid,6359200,910,93,132.99%,-0.988053919,MFSL,N/A,"15:23:53 ET",M
UNH,329.6233,Put,510,2026-01-16T16:30:00-06:00,18,"177.35 x 45","183.60 x 48",180.57,350,mid,6319900,1090,68,89.27%,-0.9850809809,MLFT,N/A,"15:28:15 ET",M
ADBE,352.81,Put,580,2026-01-16T16:30:00-06:00,18,"225.45 x 48","230.40 x 49",227.95,275,mid,6268600,1110,60,116.61%,-0.9677850201,SLFT,N/A,"15:29:04 ET",M
UNH,329.48,Put,590,2026-01-16T16:30:00-06:00,18,"257.00 x 45","263.10 x 46",260.12,240,mid,6242800,872,38,0.00%,0,MFSL,N/A,"15:37:05 ET",M
UPS,99.5,Put,130,2026-01-16T16:30:00-06:00,18,"28.80 x 517","31.30 x 413",30.05,2075,mid,6235300,2075,510,57.76%,-0.9757914513,SLFT,ToOpen,"15:28:10 ET",M
AMT,175.65,Put,200,2026-01-16T16:30:00-06:00,18,"22.50 x 6","26.20 x 9",24.51,2530,mid,6201000,2531,1037,31.97%,-0.9631823956,MFSL,ToOpen,"15:15:03 ET",M
TSLA,466.479,Call,400,2027-01-15T16:30:00-06:00,382,"140.60 x 3","141.15 x 75",140.87,440,mid,6198200,3141,10055,56.18%,0.73186772960178,AUTO,N/A,"10:25:07 ET",M
CRCL,81.205,Put,240,2026-03-20T16:30:00-05:00,81,"152.00 x 570","165.20 x 572",158.83,380,mid,6035500,380,200,114.10%,-0.9856162975,MFSL,ToOpen,"15:18:05 ET",M
FIG,38.08,Put,120,2026-01-16T16:30:00-06:00,18,"80.95 x 842","82.65 x 643",80.95,740,bid,5990300,740,251,0.00%,0,MLFT,SellToOpen,"15:14:55 ET",M
FANG,149.035,Put,197.49,2026-01-16T16:30:00-06:00,18,"47.10 x 207","50.30 x 194",48.69,1200,mid,5842800,2920,306,68.26%,-0.9641913405,MLFT,N/A,"15:28:34 ET",M
COST,867.4,Put,1080,2026-01-16T16:30:00-06:00,18,"208.95 x 15","216.40 x 15",212.45,275,mid,5842300,982,33,46.79%,-0.9918211168,SLFT,N/A,"15:28:44 ET",M
COIN,234.63,Put,380,2026-01-16T16:30:00-06:00,18,"142.40 x 41","149.60 x 84",146.05,400,mid,5842000,1320,79,118.76%,-0.9586726463,SLFT,N/A,"15:28:49 ET",M
META,659.86,Put,745,2026-01-16T16:30:00-06:00,18,"83.85 x 58","87.95 x 57",85.79,680,mid,5833700,1491,108,34.42%,-0.9473234834,MFSL,N/A,"15:23:16 ET",M
CI,276.23,Put,350,2026-01-16T16:30:00-06:00,18,"71.90 x 119","75.30 x 89",73.6,790,mid,5814300,1160,255,0.00%,0,MFSL,ToOpen,"15:16:54 ET",M
META,659.6028,Put,775,2026-01-16T16:30:00-06:00,18,"113.75 x 33","119.30 x 52",116.15,500,mid,5807500,1145,46,43.83%,-0.952776413,SLFT,N/A,"15:28:16 ET",M
GOOG,312.64,Put,330,2027-01-15T16:30:00-06:00,382,"47.90 x 41","48.25 x 78",48.14,1200,mid,5776800,1200,73,33.98%,-0.4727249925,SLCN,ToOpen,"11:31:59 ET",M
NOW,154.524,Put,184,2026-01-16T16:30:00-06:00,18,"27.70 x 304","32.20 x 299",30.4,1900,mid,5776000,4114,478,62.01%,-0.8870510819,SLFT,N/A,"15:29:00 ET",M
UNH,329.6233,Put,400,2026-01-16T16:30:00-06:00,18,"68.60 x 182","73.95 x 182",71.35,800,mid,5707900,2990,201,47.05%,-0.9661510789,SLFT,N/A,"15:26:32 ET",M
TSLA,467.4801,Call,400,2027-01-15T16:30:00-06:00,382,"142.20 x 400","142.55 x 150",142.2,400,bid,5687900,8437,10055,56.10%,0.73311923650784,AUTO,N/A,"10:39:19 ET",M
TGT,98.29,Put,145,2026-01-16T16:30:00-06:00,18,"46.00 x 206","47.90 x 201",46.94,1210,mid,5679700,5140,617,91.05%,-0.9651890811,MFSL,N/A,"15:35:44 ET",M
NKE,61.15,Put,80,2026-01-16T16:30:00-06:00,18,"17.10 x 704","20.25 x 530",20.25,2800,ask,5670000,3650,1601,117.97%,-0.813969511,MLFT,BuyToOpen,"15:16:58 ET",M
TSLA,466.265,Call,400,2027-01-15T16:30:00-06:00,382,"140.80 x 84","141.60 x 49",141.2,400,mid,5647900,5141,10055,55.87%,0.73168701354436,AUTO,N/A,"10:31:00 ET",M
TSLA,465.3,Call,400,2027-01-15T16:30:00-06:00,382,"140.55 x 400","140.85 x 85",140.55,400,bid,5622000,639,10055,55.91%,0.73048185664458,AUTO,N/A,"10:23:49 ET",M
NOW,154.524,Put,204,2026-01-16T16:30:00-06:00,18,"46.00 x 315","53.60 x 299",48.7,1150,mid,5600500,2790,270,98.97%,-0.8769374229,SLFT,N/A,"15:29:00 ET",M
STZ,138.79,Put,270,2026-01-16T16:30:00-06:00,18,"129.70 x 8","133.30 x 6",131.6,425,mid,5593000,1270,172,144.40%,-0.9737979083,SLFT,N/A,"15:28:40 ET",M
UNH,329.635,Put,500,2026-01-16T16:30:00-06:00,18,"167.35 x 82","174.40 x 91",174.39,320,mid,5580400,1190,176,133.62%,-0.8953889474,MLFT,N/A,"15:16:25 ET",M
NKE,61.11,Put,85,2026-01-16T16:30:00-06:00,18,"22.75 x 672","24.25 x 459",22.9,2400,mid,5496000,3500,596,0.00%,0,SLFT,ToOpen,"15:29:03 ET",M
MSFT,486.97,Put,535,2026-01-16T16:30:00-06:00,18,"46.20 x 103","48.25 x 16",47.34,1160,mid,5491400,2870,244,0.00%,0,MFSL,N/A,"15:23:41 ET",M
NOW,154.63,Put,192,2026-01-16T16:30:00-06:00,18,"34.00 x 307","40.30 x 293",40.3,1350,ask,5440400,1350,345,98.13%,-0.8116649106,MLFT,BuyToOpen,"15:17:04 ET",M
TSLA,466.56,Call,400,2027-01-15T16:30:00-06:00,382,"142.40 x 382","142.95 x 155",142.4,382,bid,5439600,8837,10055,55.96%,0.73202806580164,AUTO,N/A,"10:40:51 ET",M
TSLA,463.76,Put,450,2026-06-18T16:30:00-05:00,171,"54.15 x 42","54.40 x 209",54.29,1000,mid,5429000,1059,1900,51.86%,-0.3835163989,MLCT,N/A,"15:04:55 ET",M
BTI,57.166,Call,45,2026-01-16T16:30:00-06:00,18,"12.10 x 1","12.40 x 19",12.4,4370,ask,5418800,90782,4370,55.61%,0.97953806536684,MLFT,N/A,"15:46:11 ET",M
GOOG,313.76,Put,320,2026-06-18T16:30:00-05:00,171,"29.90 x 10","30.05 x 17",30.05,1800,ask,5409000,1824,1043,33.83%,-0.4701258664,TLCT,BuyToOpen,"13:22:54 ET",M
UNH,329.48,Put,510,2026-01-16T16:30:00-06:00,18,"177.35 x 45","183.60 x 46",180.06,300,mid,5401800,1390,68,0.00%,0,MFSL,N/A,"15:36:56 ET",M
COST,867.4,Put,965,2026-01-16T16:30:00-06:00,18,"93.80 x 15","101.35 x 15",97.9,550,mid,5384500,1060,51,27.73%,-0.96651964,SLFT,N/A,"15:28:44 ET",M
UNH,329.6233,Put,450,2026-01-16T16:30:00-06:00,18,"117.00 x 45","123.50 x 82",119.15,450,mid,5361700,1330,85,80.92%,-0.9510487449,SLFT,N/A,"15:28:18 ET",M
NKE,61.15,Put,90,2026-01-16T16:30:00-06:00,18,"27.05 x 708","30.90 x 568",27.05,1970,bid,5328800,1970,1024,91.78%,-0.9651514209,MLFT,SellToOpen,"15:16:58 ET",M
MSTR,156.98,Put,285,2026-01-16T16:30:00-06:00,18,"127.25 x 5","129.30 x 29",129.3,410,ask,5301300,410,83,163.27%,-0.9309158147,MLFT,BuyToOpen,"15:16:30 ET",M
META,659.56,Put,745,2026-01-16T16:30:00-06:00,18,"84.20 x 49","89.50 x 70",89.5,591,ask,5289400,811,108,48.40%,-0.8607626654,MLFT,BuyToOpen,"15:15:59 ET",M
HD,346.76,Put,400,2026-01-16T16:30:00-06:00,18,"52.30 x 41","55.25 x 47",52.31,1010,mid,5283300,2240,375,39.29%,-0.9459937898,MLFT,N/A,"15:16:15 ET",M
COST,866.82,Put,1080,2026-01-16T16:30:00-06:00,18,"208.95 x 15","216.40 x 15",213.2,247,mid,5266000,657,33,0.00%,0,MLFT,N/A,"15:15:09 ET",M
UNH,329.48,Put,480,2026-01-16T16:30:00-06:00,18,"147.15 x 41","151.40 x 46",149.6,350,mid,5236000,1200,53,0.00%,0,MFSL,N/A,"15:36:56 ET",M
BRK.B,498.95,Call,230,2027-01-15T16:30:00-06:00,382,"278.50 x 89","282.50 x 64",278.5,188,bid,5235800,1002,72,40.55%,0.98469760581941,AUTO,N/A,"12:35:51 ET",M
SBUX,85.58,Put,115,2026-01-16T16:30:00-06:00,18,"27.40 x 407","30.10 x 280",27.4,1910,bid,5233400,1910,851,0.00%,0,MLFT,SellToOpen,"15:16:20 ET",M
UNH,329.635,Put,440,2026-01-16T16:30:00-06:00,18,"107.35 x 51","113.25 x 46",113.25,460,ask,5209500,460,74,94.86%,-0.8971882995,MLFT,BuyToOpen,"15:16:25 ET",M
UNH,329.6233,Put,590,2026-01-16T16:30:00-06:00,18,"257.00 x 50","263.10 x 84",260.05,200,mid,5201000,632,38,0.00%,0,MLFT,N/A,"15:28:15 ET",M
HUBS,400.96,Put,800,2026-01-16T16:30:00-06:00,18,"396.10 x 15","402.70 x 18",399.28,130,mid,5190600,205,10,139.40%,-0.9873743398,MFSL,ToOpen,"15:22:11 ET",M
NOW,154.524,Put,180,2026-01-16T16:30:00-06:00,18,"24.00 x 318","28.10 x 310",25.82,2010,mid,5189800,2010,750,46.41%,-0.9290871762,MFSL,ToOpen,"15:25:17 ET",M
META,659.56,Put,780,2026-01-16T16:30:00-06:00,18,"119.30 x 36","124.75 x 48",119.3,435,bid,5189500,435,58,49.44%,-0.9345383161,MLFT,SellToOpen,"15:15:59 ET",M
PLTR,184.89,Call,32,2026-01-16T16:30:00-06:00,18,"153.00 x 162","153.55 x 213",153,338,bid,5171400,2000,18298,293.86%,0.99872056766741,AUTO,N/A,"09:52:52 ET",M
UNH,329.635,Put,480,2026-01-16T16:30:00-06:00,18,"147.15 x 48","153.60 x 46",147.15,350,bid,5150200,350,53,67.70%,-0.9967737138,MLFT,SellToOpen,"15:16:25 ET",M
NOW,154.524,Put,192,2026-01-16T16:30:00-06:00,18,"34.00 x 316","40.30 x 298",36.7,1400,mid,5138000,3910,345,74.18%,-0.8934544026,SLFT,N/A,"15:29:00 ET",M
BTI,57.175,Call,37,2027-01-15T16:30:00-06:00,382,"20.10 x 120","20.30 x 31",20.3,2520,ask,5115600,73080,4017,33.50%,0.94379240970406,SLFT,N/A,"15:12:09 ET",M
AAPL,273.85,Put,310,2026-01-16T16:30:00-06:00,18,"35.25 x 100","37.05 x 108",36.2,1410,mid,5104200,1410,27,30.22%,-0.97872706,MFSL,ToOpen,"15:14:13 ET",M
LULU,212.67,Put,260,2026-01-16T16:30:00-06:00,18,"45.05 x 123","50.20 x 135",46.82,1090,mid,5103300,1096,233,53.79%,-0.9536922454,MLFT,ToOpen,"15:15:54 ET",M
BTI,57.1873,Call,37,2027-01-15T16:30:00-06:00,382,"20.10 x 221","20.30 x 41",20.2,2520,mid,5090400,32760,4017,30.28%,0.97391987441048,SLFT,N/A,"14:55:42 ET",M
BTI,57.1873,Call,37,2027-01-15T16:30:00-06:00,382,"20.10 x 221","20.30 x 41",20.2,2520,mid,5090400,32760,4017,30.28%,0.97391987441048,SLFT,N/A,"14:55:41 ET",M
BTI,57.175,Call,37,2027-01-15T16:30:00-06:00,382,"20.10 x 120","20.30 x 98",20.1,2520,bid,5065200,73080,4017,33.50%,0.94379240970406,SLFT,N/A,"15:12:15 ET",M
BTI,57.1873,Call,37,2027-01-15T16:30:00-06:00,382,"20.10 x 221","20.30 x 41",20.1,2520,bid,5065200,32760,4017,30.28%,0.97391987441048,SLFT,N/A,"14:55:39 ET",M
BTI,57.1873,Call,37,2027-01-15T16:30:00-06:00,382,"20.00 x 222","20.30 x 12",20.1,2520,mid,5065200,32760,4017,30.28%,0.97391987441048,SLFT,N/A,"14:55:38 ET",M
PDD,113.75,Put,140,2026-01-16T16:30:00-06:00,18,"25.40 x 300","28.35 x 204",25.4,1990,bid,5054600,2490,767,68.97%,-0.902349344,MLFT,SellToOpen,"15:16:04 ET",M
ADBE,352.89,Put,450,2026-01-16T16:30:00-06:00,18,"93.80 x 44","100.40 x 37",97.01,520,mid,5044500,1030,86,50.93%,-0.9935051134,MFSL,N/A,"15:14:35 ET",M
UNH,329.6233,Put,510,2026-01-16T16:30:00-06:00,18,"177.35 x 45","183.60 x 48",180.1,280,mid,5042800,1090,68,89.27%,-0.9850809809,SLFT,N/A,"15:26:32 ET",M
BTI,57.1873,Call,37,2027-01-15T16:30:00-06:00,382,"19.60 x 222","20.50 x 12",20,2520,mid,5040000,32760,4017,30.28%,0.97391987441048,SLFT,N/A,"14:55:36 ET",M
MRK,106.97,Call,115,2026-04-17T16:30:00-05:00,109,"3.25 x 312","3.45 x 461",3.36,14998,mid,5039300,15450,1010,27.28%,0.3412174028917,MLAT,ToOpen,"15:52:10 ET",M
MSFT,486.97,Put,530,2026-01-16T16:30:00-06:00,18,"41.20 x 103","44.60 x 105",43.04,1170,mid,5035600,2910,250,20.06%,-0.9891878579,MFSL,N/A,"15:23:41 ET",M
MSTR,156.98,Put,540,2026-01-16T16:30:00-06:00,18,"382.35 x 50","384.30 x 5",384.3,130,ask,4995900,130,19,0.00%,0,MLFT,BuyToOpen,"15:14:40 ET",M
TTD,38.625,Put,115,2026-01-16T16:30:00-06:00,18,"75.40 x 630","78.40 x 575",76.85,650,mid,4995200,650,220,275.94%,-0.9325044634,SLFT,ToOpen,"15:28:23 ET",M
META,659.86,Put,755,2026-01-16T16:30:00-06:00,18,"94.00 x 10","98.20 x 43",95.98,520,mid,4990900,1150,84,38.59%,-0.9436977744,MFSL,N/A,"15:23:16 ET",M
COST,866.82,Put,965,2026-01-16T16:30:00-06:00,18,"93.80 x 16","101.35 x 15",97.62,510,mid,4978600,510,51,0.00%,0,MFSL,ToOpen,"15:17:39 ET",M
TSLA,466.265,Call,400,2027-01-15T16:30:00-06:00,382,"141.70 x 256","141.70 x 20",141.7,349,ask,4945300,5141,10055,55.87%,0.73168701354436,AUTO,N/A,"10:28:29 ET",M
BTI,57.1873,Call,37,2027-01-15T16:30:00-06:00,382,"18.00 x 146","20.50 x 12",19.6,2520,mid,4939200,32760,4017,30.28%,0.97391987441048,SLFT,N/A,"14:55:35 ET",M
PDD,113.75,Put,165,2026-01-16T16:30:00-06:00,18,"50.40 x 269","53.15 x 199",50.4,980,bid,4939200,980,347,103.48%,-0.9362468732,MLFT,SellToOpen,"15:16:04 ET",M
BRK.B,498.95,Call,230,2027-01-15T16:30:00-06:00,382,"278.50 x 11","278.55 x 1",278.5,177,bid,4929400,1002,72,40.55%,0.98469760581941,AUTO,N/A,"12:35:52 ET",M
UNH,329.6233,Put,440,2026-01-16T16:30:00-06:00,18,"107.35 x 49","113.25 x 48",109.5,450,mid,4927500,1210,74,76.88%,-0.9470190961,SLFT,N/A,"15:28:18 ET",M
NOW,154.524,Put,200,2026-01-16T16:30:00-06:00,18,"42.10 x 311","48.30 x 294",45.6,1075,mid,4902000,2855,265,62.13%,-0.9710140134,SLFT,N/A,"15:29:00 ET",M
MSTR,157.1875,Put,315,2026-01-16T16:30:00-06:00,18,"157.20 x 5","158.60 x 5",157.89,310,mid,4894500,570,67,138.59%,-0.9883017514,MFSL,N/A,"15:23:53 ET",M
APP,695.71,Call,700,2026-01-16T16:30:00-06:00,18,"28.00 x 1","30.30 x 30",30.4,1603,ask,4873100,2047,2600,52.80%,0.50857663651084,SLFT,N/A,"09:40:47 ET",M
CRCL,81.205,Put,145,2026-01-16T16:30:00-06:00,18,"61.75 x 150","66.05 x 312",64.04,760,mid,4867000,760,352,138.45%,-0.9617264008,MFSL,ToOpen,"15:18:05 ET",M
COST,866.82,Put,950,2026-01-16T16:30:00-06:00,18,"78.85 x 39","86.20 x 26",82.37,590,mid,4859800,590,106,0.00%,0,MFSL,ToOpen,"15:17:39 ET",M
GOOG,312.5937,Put,350,2028-01-21T16:30:00-06:00,753,"74.45 x 48","75.25 x 60",74.65,650,mid,4852200,650,1263,34.95%,-0.4706187354,SLFT,N/A,"11:25:03 ET",M
BTI,57.175,Call,37,2027-01-15T16:30:00-06:00,382,"20.10 x 74","20.30 x 31",20.2,2400,mid,4848000,73080,4017,33.50%,0.94379240970406,SLFT,N/A,"15:12:01 ET",M
BTI,57.1873,Call,37,2027-01-15T16:30:00-06:00,382,"20.10 x 221","20.30 x 41",20.2,2400,mid,4848000,32760,4017,30.28%,0.97391987441048,SLFT,N/A,"14:55:45 ET",M
BTI,57.1873,Call,37,2027-01-15T16:30:00-06:00,382,"20.10 x 221","20.30 x 41",20.2,2400,mid,4848000,32760,4017,30.28%,0.97391987441048,SLFT,N/A,"14:55:50 ET",M
BTI,57.1873,Call,37,2027-01-15T16:30:00-06:00,382,"20.10 x 221","20.30 x 41",20.2,2400,mid,4848000,32760,4017,30.28%,0.97391987441048,SLFT,N/A,"14:55:48 ET",M
BTI,57.175,Call,37,2027-01-15T16:30:00-06:00,382,"20.10 x 120","20.30 x 98",20.2,2400,mid,4848000,73080,4017,33.50%,0.94379240970406,SLFT,N/A,"15:12:33 ET",M
BTI,57.1873,Call,37,2027-01-15T16:30:00-06:00,382,"20.10 x 221","20.30 x 41",20.2,2400,mid,4848000,32760,4017,30.28%,0.97391987441048,SLFT,N/A,"14:55:49 ET",M
BTI,57.1873,Call,37,2027-01-15T16:30:00-06:00,382,"20.10 x 221","20.30 x 41",20.2,2400,mid,4848000,32760,4017,30.28%,0.97391987441048,SLFT,N/A,"14:55:52 ET",M
BTI,57.175,Call,37,2027-01-15T16:30:00-06:00,382,"20.10 x 120","20.30 x 98",20.2,2400,mid,4848000,73080,4017,33.50%,0.94379240970406,SLFT,N/A,"15:12:43 ET",M
BTI,57.175,Call,37,2027-01-15T16:30:00-06:00,382,"20.10 x 120","20.30 x 98",20.2,2400,mid,4848000,73080,4017,33.50%,0.94379240970406,SLFT,N/A,"15:12:49 ET",M
BTI,57.1873,Call,37,2027-01-15T16:30:00-06:00,382,"20.10 x 221","20.30 x 41",20.2,2400,mid,4848000,32760,4017,30.28%,0.97391987441048,SLFT,N/A,"14:55:43 ET",M
BTI,57.175,Call,37,2027-01-15T16:30:00-06:00,382,"20.10 x 120","20.30 x 98",20.2,2400,mid,4848000,73080,4017,33.50%,0.94379240970406,SLFT,N/A,"15:12:24 ET",M
BTI,57.175,Call,37,2027-01-15T16:30:00-06:00,382,"20.10 x 120","20.30 x 98",20.2,2400,mid,4848000,73080,4017,33.50%,0.94379240970406,SLFT,N/A,"15:12:38 ET",M
BTI,57.1873,Call,37,2027-01-15T16:30:00-06:00,382,"20.10 x 221","20.30 x 41",20.2,2400,mid,4848000,32760,4017,30.28%,0.97391987441048,SLFT,N/A,"14:55:46 ET",M
BTI,57.175,Call,37,2027-01-15T16:30:00-06:00,382,"20.10 x 120","20.30 x 98",20.2,2400,mid,4848000,73080,4017,33.50%,0.94379240970406,SLFT,N/A,"15:12:29 ET",M
BTI,57.175,Call,37,2027-01-15T16:30:00-06:00,382,"20.10 x 120","20.30 x 98",20.2,2400,mid,4848000,73080,4017,33.50%,0.94379240970406,SLFT,N/A,"15:12:21 ET",M
MSTR,157.1875,Put,330,2026-01-16T16:30:00-06:00,18,"172.20 x 5","173.65 x 5",172.91,280,mid,4841400,510,53,148.55%,-0.9875877025,MFSL,N/A,"15:23:53 ET",M
UNH,329.635,Put,460,2026-01-16T16:30:00-06:00,18,"128.90 x 49","133.40 x 87",133.4,360,ask,4802400,360,57,106.51%,-0.9016326104,MLFT,BuyToOpen,"15:16:25 ET",M
PDD,113.75,Put,150,2026-01-16T16:30:00-06:00,18,"35.40 x 237","38.35 x 181",35.8,1340,mid,4797100,1340,500,85.23%,-0.9169057177,MLFT,ToOpen,"15:16:04 ET",M
ADBE,352.89,Put,450,2026-01-16T16:30:00-06:00,18,"93.80 x 47","100.40 x 47",93.8,510,bid,4783800,1030,86,50.93%,-0.9935051134,MLFT,N/A,"15:16:49 ET",M
NVDA,187.135,Put,190,2026-03-20T16:30:00-05:00,81,"15.85 x 1029","15.95 x 541",15.88,3000,mid,4764000,3176,25083,42.80%,-0.4788457225,MLCT,N/A,"11:38:58 ET",M
MSTR,157.1875,Put,340,2026-02-20T16:30:00-06:00,53,"182.05 x 4","184.30 x 29",183.22,260,mid,4763700,261,74,109.11%,-0.9624775335,MFSL,ToOpen,"15:24:39 ET",M
LULU,212,Put,270,2026-01-16T16:30:00-06:00,18,"55.10 x 21","60.20 x 27",57.6,825,mid,4752000,2035,164,0.00%,0,SLFT,N/A,"15:28:19 ET",M
NOW,154.63,Put,184,2026-01-16T16:30:00-06:00,18,"27.70 x 296","32.20 x 293",30.79,1540,mid,4741600,1624,478,68.74%,-0.8570265551,MLFT,ToOpen,"15:17:04 ET",M
MSTR,157.15,Put,315,2026-01-16T16:30:00-06:00,18,"157.40 x 5","158.45 x 5",157.9,300,mid,4737000,870,67,135.69%,-0.9906195342,SLFT,N/A,"15:28:09 ET",M
MSTR,157.1875,Put,520,2026-01-16T16:30:00-06:00,18,"362.25 x 5","363.65 x 5",362.98,130,mid,4718700,260,20,232.61%,-0.9862865559,MFSL,N/A,"15:24:39 ET",M
UNH,329.48,Put,440,2026-01-16T16:30:00-06:00,18,"109.50 x 41","113.25 x 46",111.62,420,mid,4688000,1630,74,78.25%,-0.9434580903,MFSL,N/A,"15:36:56 ET",M
MU,287.0135,Call,185,2026-01-16T16:30:00-06:00,18,"100.90 x 403","103.85 x 399",102.44,457,mid,4681500,459,2033,82.93%,0.99345406451545,MLFT,N/A,"11:48:30 ET",M
TMUS,203.785,Put,260,2026-01-16T16:30:00-06:00,18,"54.90 x 106","58.00 x 126",56.55,825,mid,4665300,1185,163,61.82%,-0.9584207142,SLFT,ToOpen,"15:28:29 ET",M
NOW,154.63,Put,204,2026-01-16T16:30:00-06:00,18,"46.00 x 307","53.60 x 294",53.6,870,ask,4663200,870,270,128.92%,-0.7951228528,MLFT,BuyToOpen,"15:17:04 ET",M
CI,276.23,Put,380,2026-01-16T16:30:00-06:00,18,"101.90 x 282","105.30 x 101",103.6,450,mid,4662000,670,42,0.00%,0,MFSL,ToOpen,"15:16:54 ET",M
TSLA,463.69,Put,320,2027-12-17T16:30:00-06:00,718,"53.90 x 119","54.25 x 33",54.2,850,mid,4607000,851,4689,57.40%,-0.1772115175,SLFT,N/A,"14:54:23 ET",M
MSTR,157.1875,Put,540,2026-01-16T16:30:00-06:00,18,"382.25 x 5","383.65 x 5",382.98,120,mid,4595700,250,19,238.99%,-0.9867440961,MFSL,N/A,"15:24:39 ET",M
AMT,175.65,Put,220,2026-01-16T16:30:00-06:00,18,"42.60 x 6","45.30 x 5",44.1,1040,mid,4586400,1040,382,0.00%,0,MFSL,ToOpen,"15:15:03 ET",M
META,659.19,Put,760,2026-01-16T16:30:00-06:00,18,"99.20 x 48","103.30 x 55",103.3,443,ask,4576100,443,168,48.25%,-0.9014401442,MLFT,BuyToOpen,"15:14:07 ET",M
PDD,113.785,Put,150,2026-01-16T16:30:00-06:00,18,"35.40 x 288","38.30 x 231",36.83,1240,mid,4566900,4580,500,84.10%,-0.9198732468,MFSL,N/A,"15:25:55 ET",M
PDD,113.785,Put,140,2026-01-16T16:30:00-06:00,18,"25.40 x 284","28.25 x 221",26.85,1700,mid,4564500,4190,767,69.13%,-0.9014429843,SLFT,N/A,"15:28:57 ET",M
ADBE,352.89,Put,415,2026-01-16T16:30:00-06:00,18,"59.80 x 43","65.00 x 42",59.8,760,bid,4544800,1200,126,42.73%,-0.9604479931,MLFT,SellToOpen,"15:16:49 ET",M
UNH,329.6233,Put,480,2026-01-16T16:30:00-06:00,18,"147.15 x 58","153.60 x 61",151.4,300,mid,4542000,850,53,95.25%,-0.9538993663,SLFT,N/A,"15:28:18 ET",M
COP,92.572,Put,130,2026-01-16T16:30:00-06:00,18,"35.90 x 502","39.55 x 427",37.75,1200,mid,4530000,2010,300,88.33%,-0.9487656645,SLFT,ToOpen,"15:28:47 ET",M
FIG,38.08,Put,100,2026-01-16T16:30:00-06:00,18,"60.75 x 864","62.50 x 550",60.95,740,mid,4510300,740,604,0.00%,0,MLFT,ToOpen,"15:14:55 ET",M
META,659.86,Put,780,2026-01-16T16:30:00-06:00,18,"119.05 x 711","124.40 x 50",121.57,370,mid,4498000,805,58,49.31%,-0.9346333082,MFSL,N/A,"15:23:16 ET",M
NOW,154.63,Put,200,2026-01-16T16:30:00-06:00,18,"41.90 x 308","48.30 x 293",41.9,1060,bid,4441400,1060,265,0.00%,0,MLFT,SellToOpen,"15:17:04 ET",M
FANG,149.035,Put,207.49,2026-01-16T16:30:00-06:00,18,"57.10 x 210","60.30 x 204",58.7,750,mid,4402500,1820,141,78.45%,-0.9665681617,MLFT,N/A,"15:28:34 ET",M
MSTR,157.1875,Put,450,2026-01-16T16:30:00-06:00,18,"292.20 x 5","293.60 x 5",292.91,150,mid,4393600,287,26,201.52%,-0.9889484782,MFSL,N/A,"15:24:27 ET",M
LULU,212,Put,300,2026-01-16T16:30:00-06:00,18,"85.10 x 21","90.20 x 33",87.6,500,mid,4380000,1310,102,0.00%,0,SLFT,N/A,"15:28:19 ET",M
COST,866.82,Put,1035,2026-01-16T16:30:00-06:00,18,"164.10 x 16","171.90 x 16",167.96,260,mid,4366900,417,21,0.00%,0,MFSL,ToOpen,"15:17:39 ET",M
META,659.19,Put,755,2026-01-16T16:30:00-06:00,18,"94.00 x 42","99.50 x 44",98.3,443,mid,4354600,443,84,46.61%,-0.8988154863,MLFT,ToOpen,"15:14:07 ET",M
NOW,154.524,Put,192,2026-01-16T16:30:00-06:00,18,"34.00 x 316","40.30 x 298",37.54,1160,mid,4354600,3910,345,74.18%,-0.8934544026,MFSL,N/A,"15:25:16 ET",M
ADBE,352.81,Put,450,2026-01-16T16:30:00-06:00,18,"93.85 x 43","100.40 x 50",96.3,450,mid,4333500,1480,86,0.00%,0,SLFT,N/A,"15:29:04 ET",M
MSTR,157.15,Put,330,2026-01-16T16:30:00-06:00,18,"172.40 x 5","173.40 x 5",172.9,250,mid,4322500,760,53,143.64%,-0.9908516363,SLFT,N/A,"15:28:09 ET",M
SBUX,85.64,Put,110,2026-01-16T16:30:00-06:00,18,"22.65 x 439","25.55 x 317",23.91,1800,mid,4303800,2931,522,0.00%,0,MLFT,ToOpen,"15:28:50 ET",M
MSTR,156.98,Put,335,2026-01-16T16:30:00-06:00,18,"177.30 x 5","179.30 x 43",179.3,240,ask,4303200,240,44,0.00%,0,MLFT,BuyToOpen,"15:16:30 ET",M
HUM,258.41,Put,350,2026-01-16T16:30:00-06:00,18,"88.40 x 5","95.60 x 6",95.19,450,mid,4283500,450,83,111.16%,-0.8658129379,MLFT,ToOpen,"15:14:45 ET",M
DUOL,180.97,Put,450,2026-01-16T16:30:00-06:00,18,"267.30 x 13","270.90 x 13",267.3,160,bid,4276800,160,25,173.63%,-0.990877057,MLFT,SellToOpen,"15:13:52 ET",M
AXON,582.5,Put,740,2026-01-16T16:30:00-06:00,18,"155.00 x 6","162.00 x 5",158.06,270,mid,4267600,277,74,59.46%,-0.9668617548,MFSL,ToOpen,"15:15:41 ET",M
PLTR,186.4964,Put,180,2026-06-18T16:30:00-05:00,171,"23.45 x 344","23.70 x 108",23.56,1800,mid,4240800,1903,2656,56.46%,-0.3760360585,SLCN,N/A,"11:40:26 ET",M
GOOG,314.34,Call,160,2026-12-18T16:30:00-06:00,354,"160.35 x 132","163.65 x 164",162.1,261,mid,4230800,261,701,48.36%,0.95513924530403,SLAN,N/A,"15:38:21 ET",M
UNH,329.6233,Put,590,2026-01-16T16:30:00-06:00,18,"257.00 x 51","263.10 x 84",260.3,160,mid,4164800,632,38,0.00%,0,SLFT,N/A,"15:26:32 ET",M
COIN,234.631,Put,400,2026-01-16T16:30:00-06:00,18,"162.40 x 869","169.60 x 71",165.99,250,mid,4149700,490,41,127.43%,-0.9634374154,MFSL,N/A,"15:17:16 ET",M
BRK.B,500.88,Call,310,2027-01-15T16:30:00-06:00,382,"205.30 x 10","208.00 x 146",206.81,200,mid,4136200,200,5612,33.87%,0.95188908777916,MLFT,N/A,"15:53:50 ET",M
META,659.56,Put,775,2026-01-16T16:30:00-06:00,18,"113.75 x 35","119.75 x 35",119.75,345,ask,4131300,345,46,46.88%,-0.9379899944,MLFT,BuyToOpen,"15:15:59 ET",M
UNH,329.6233,Put,450,2026-01-16T16:30:00-06:00,18,"117.00 x 45","123.50 x 85",120.75,340,mid,4105500,1330,85,80.92%,-0.9510487449,SLFT,N/A,"15:26:32 ET",M
HD,346.67,Put,430,2026-01-16T16:30:00-06:00,18,"82.30 x 591","85.20 x 32",83.76,490,mid,4104200,920,93,53.05%,-0.9635582509,MFSL,N/A,"15:21:50 ET",M
NOW,154.524,Put,208,2026-01-16T16:30:00-06:00,18,"51.40 x 304","56.30 x 298",54.2,750,mid,4065000,1890,185,87.38%,-0.9269843371,SLFT,N/A,"15:29:00 ET",M
HD,346.74,Put,420,2026-01-16T16:30:00-06:00,18,"72.20 x 37","75.20 x 33",73.7,550,mid,4053500,1520,97,48.36%,-0.9601218793,SLFT,N/A,"15:28:27 ET",M
UNH,329.6233,Put,380,2026-01-16T16:30:00-06:00,18,"47.00 x 85","52.55 x 91",50.45,800,mid,4036000,1300,174,31.18%,-0.9827976584,SLFT,ToOpen,"15:28:18 ET",M
PLTR,186.2439,Put,220,2026-03-20T16:30:00-05:00,81,"40.00 x 317","40.60 x 369",40.37,999,mid,4032900,1000,105,53.31%,-0.7018076955,MLAT,ToOpen,"11:37:23 ET",M
TSM,303,Put,305,2026-01-30T16:30:00-06:00,32,"11.40 x 92","13.45 x 45",12,3350,mid,4020000,5180,17,33.82%,-0.4986176556,AUTO,ToOpen,"09:38:29 ET",W
MSTR,157.15,Put,335,2026-01-16T16:30:00-06:00,18,"177.40 x 5","178.40 x 5",177.9,225,mid,4002700,685,44,146.20%,-0.9909184136,SLFT,N/A,"15:28:09 ET",M
NOW,154.524,Put,220,2026-01-16T16:30:00-06:00,18,"63.70 x 310","68.30 x 303",66.5,600,mid,3990000,1631,150,106.03%,-0.9193316524,SLFT,N/A,"15:29:00 ET",M
BRK.B,498.95,Call,230,2027-01-15T16:30:00-06:00,382,"278.50 x 9","282.50 x 103",278.5,143,bid,3982500,1002,72,40.55%,0.98469760581941,AUTO,N/A,"12:35:52 ET",M
UPS,99.5,Put,120,2026-01-16T16:30:00-06:00,18,"18.80 x 515","21.30 x 414",20.05,1975,mid,3959800,1975,671,41.69%,-0.9737103473,SLFT,ToOpen,"15:28:10 ET",M
CRM,266.68,Put,300,2026-01-16T16:30:00-06:00,18,"32.40 x 56","34.80 x 81",33.55,1175,mid,3942100,2325,939,32.82%,-0.9504484665,SLFT,N/A,"15:28:41 ET",M
COIN,234.63,Put,285,2026-01-02T16:30:00-06:00,4,"48.95 x 219","54.70 x 221",52.5,750,mid,3937500,756,147,152.15%,-0.8732053044,SLFT,ToOpen,"15:28:49 ET",W
BTI,57.166,Call,42,2026-03-20T16:30:00-05:00,81,"14.30 x 37","15.30 x 11",15.3,2560,ask,3916800,24881,1278,43.02%,0.95108729091073,MLFT,N/A,"15:46:11 ET",M
MSTR,157.1875,Put,335,2026-01-16T16:30:00-06:00,18,"177.20 x 5","178.65 x 5",177.91,220,mid,3914000,460,44,151.15%,-0.9876920983,MFSL,N/A,"15:23:53 ET",M
ADBE,352.81,Put,415,2026-01-16T16:30:00-06:00,18,"59.80 x 145","65.00 x 106",62.6,625,mid,3912500,1825,126,44.46%,-0.9516743602,SLFT,N/A,"15:29:04 ET",M
COIN,234.631,Put,400,2026-01-16T16:30:00-06:00,18,"162.40 x 43","169.60 x 67",162.4,240,bid,3897600,490,41,127.43%,-0.9634374154,MLFT,N/A,"15:16:54 ET",M
MSTR,156.98,Put,325,2026-01-16T16:30:00-06:00,18,"167.25 x 5","169.25 x 47",169.25,230,ask,3892700,230,43,0.00%,0,MLFT,BuyToOpen,"15:16:30 ET",M
HUBS,400.96,Put,700,2026-01-16T16:30:00-06:00,18,"295.60 x 19","302.70 x 17",299.28,130,mid,3890600,205,26,115.89%,-0.9845044732,MFSL,ToOpen,"15:22:12 ET",M
UNH,329.6233,Put,460,2026-01-16T16:30:00-06:00,18,"128.90 x 45","131.65 x 81",129.5,300,mid,3885000,900,57,70.75%,-0.9819524323,SLFT,N/A,"15:28:18 ET",M
RACE,375.55,Put,480,2026-02-20T16:30:00-06:00,53,"103.20 x 5","107.00 x 6",103.2,375,bid,3870000,375,77,40.11%,-0.9516990808,MLFT,SellToOpen,"15:13:47 ET",M
CRM,267.016,Put,300,2026-01-16T16:30:00-06:00,18,"32.40 x 145","34.80 x 219",33.61,1150,mid,3865100,1150,939,37.77%,-0.915121624,MFSL,ToOpen,"15:18:15 ET",M
VEEV,224.615,Put,280,2026-01-16T16:30:00-06:00,18,"53.20 x 18","57.20 x 22",55.2,700,mid,3864000,1230,135,0.00%,0,MLFT,ToOpen,"15:28:07 ET",M
MSTR,157.1875,Put,325,2026-01-16T16:30:00-06:00,18,"167.20 x 5","168.60 x 5",167.9,230,mid,3861700,460,43,144.96%,-0.987992487,MFSL,N/A,"15:23:53 ET",M
NFLX,94.12,Put,120,2026-01-16T16:30:00-06:00,18,"25.10 x 1169","26.80 x 985",25.89,1490,mid,3857600,8179,1643,58.74%,-0.9708363328,MFSL,N/A,"15:24:57 ET",M
ARM,110.365,Put,120,2026-05-15T16:30:00-05:00,137,"18.90 x 33","19.25 x 36",19.2,2000,mid,3840000,2130,5103,52.67%,-0.5295838368,TLCT,N/A,"14:08:14 ET",M
MSTR,156.98,Put,450,2026-01-16T16:30:00-06:00,18,"292.80 x 1","294.25 x 5",293.12,130,mid,3810500,137,26,202.01%,-0.9888471727,MLFT,ToOpen,"15:14:40 ET",M
NOW,154.524,Put,204,2026-01-16T16:30:00-06:00,18,"46.00 x 315","53.60 x 299",49.37,770,mid,3801400,2790,270,98.97%,-0.8769374229,MFSL,N/A,"15:25:17 ET",M
NFLX,94.12,Put,112,2026-01-16T16:30:00-06:00,18,"16.95 x 950","18.95 x 906",17.65,2150,mid,3794700,2150,662,44.77%,-0.9637210594,SLFT,ToOpen,"15:28:02 ET",M
ABNB,136.96,Put,160,2026-01-16T16:30:00-06:00,18,"22.55 x 343","24.65 x 345",23.65,1600,mid,3784000,3640,393,53.48%,-0.8970770961,SLFT,N/A,"15:29:06 ET",M
MSTR,157.15,Put,325,2026-01-16T16:30:00-06:00,18,"167.40 x 5","168.45 x 5",167.9,225,mid,3777700,685,43,141.03%,-0.9907798803,SLFT,N/A,"15:28:09 ET",M
HD,346.74,Put,430,2026-01-16T16:30:00-06:00,18,"82.30 x 31","85.20 x 32",83.85,450,mid,3773200,1370,93,55.45%,-0.9555507587,SLFT,N/A,"15:28:27 ET",M
SBUX,85.58,Put,100,2026-01-16T16:30:00-06:00,18,"12.50 x 404","15.10 x 279",13.57,2770,mid,3758800,3040,1857,0.00%,0,MLFT,ToOpen,"15:16:20 ET",M
PDD,113.785,Put,165,2026-01-16T16:30:00-06:00,18,"50.40 x 1210","53.15 x 236",51.8,720,mid,3729600,3100,347,102.11%,-0.9393367306,MFSL,N/A,"15:25:55 ET",M
TSLA,462.7517,Call,800,2028-01-21T16:30:00-06:00,753,"82.85 x 64","83.40 x 75",83.08,448,mid,3721900,2115,7651,58.39%,0.44102307033072,MLAT,N/A,"10:10:14 ET",M
ADBE,352.89,Put,480,2026-01-16T16:30:00-06:00,18,"124.00 x 46","130.00 x 46",124,300,bid,3720000,590,46,0.00%,0,MLFT,N/A,"15:16:49 ET",M
GNRC,138.8,Put,200,2026-01-16T16:30:00-06:00,18,"59.50 x 10","63.40 x 10",61.7,600,mid,3702000,1450,139,0.00%,0,SLFT,N/A,"15:28:30 ET",M
ABNB,136.8802,Put,170,2026-01-16T16:30:00-06:00,18,"32.55 x 367","34.60 x 340",33.58,1100,mid,3693800,2490,439,64.78%,-0.9276274147,MFSL,N/A,"15:14:23 ET",M
ADBE,352.89,Put,480,2026-01-16T16:30:00-06:00,18,"124.00 x 42","130.00 x 42",126.91,290,mid,3680300,590,46,0.00%,0,MFSL,N/A,"15:14:35 ET",M
AMT,175.65,Put,220,2026-03-20T16:30:00-05:00,81,"43.40 x 5","45.20 x 12",44.23,830,mid,3671000,830,311,20.67%,-0.997585344,MFSL,ToOpen,"15:15:03 ET",M
MSTR,157.15,Put,450,2026-01-16T16:30:00-06:00,18,"292.40 x 5","293.50 x 5",292.85,125,mid,3660600,412,26,0.00%,-1.,SLFT,N/A,"15:28:05 ET",M
BTI,57.166,Call,40,2026-06-18T16:30:00-05:00,171,"16.90 x 39","18.10 x 10",18.1,2020,ask,3656200,13181,505,51.09%,0.8809441141686,MLFT,N/A,"15:46:11 ET",M
MSTR,156.98,Put,315,2026-01-16T16:30:00-06:00,18,"157.45 x 575","158.70 x 5",157.45,230,bid,3621300,260,67,149.62%,-0.9782257071,MLFT,SellToOpen,"15:16:30 ET",M
HD,346.67,Put,420,2026-01-16T16:30:00-06:00,18,"72.20 x 40","75.20 x 33",73.75,490,mid,3613700,970,97,48.09%,-0.961172426,MFSL,N/A,"15:21:50 ET",M
HD,346.76,Put,420,2026-01-16T16:30:00-06:00,18,"72.20 x 40","75.20 x 33",75.2,480,ask,3609600,480,97,63.54%,-0.9012881543,MLFT,BuyToOpen,"15:16:15 ET",M
ZS,228.34,Put,300,2026-01-16T16:30:00-06:00,18,"70.35 x 78","73.65 x 120",71.95,500,mid,3597500,980,96,68.08%,-0.9637911226,SLFT,N/A,"15:28:04 ET",M
PDD,113.785,Put,155,2026-01-16T16:30:00-06:00,18,"40.40 x 266","43.25 x 235",41.8,850,mid,3553000,1630,214,91.51%,-0.9248023134,SLFT,N/A,"15:28:57 ET",M
NFLX,94.12,Put,124,2026-01-16T16:30:00-06:00,18,"28.85 x 166","30.65 x 186",29.6,1200,mid,3552000,1510,291,75.10%,-0.9459910369,SLFT,ToOpen,"15:28:02 ET",M
NOW,154.63,Put,220,2026-01-16T16:30:00-06:00,18,"63.70 x 302","68.30 x 357",68.3,520,ask,3551600,571,150,134.48%,-0.8493393067,MLFT,BuyToOpen,"15:17:04 ET",M
HD,346.76,Put,430,2026-01-16T16:30:00-06:00,18,"82.30 x 31","85.20 x 31",82.3,430,bid,3538900,430,93,54.27%,-0.9592807263,MLFT,SellToOpen,"15:16:15 ET",M
DDOG,138.15,Put,185,2026-01-16T16:30:00-06:00,18,"45.55 x 291","48.60 x 239",47.1,750,mid,3532500,1847,229,74.89%,-0.9576945334,SLFT,N/A,"15:28:37 ET",M
COST,866.82,Put,985,2026-01-16T16:30:00-06:00,18,"113.80 x 15","121.60 x 15",117.57,300,mid,3527100,427,17,0.00%,0,MFSL,ToOpen,"15:17:49 ET",M
VEEV,224.635,Put,270,2026-01-16T16:30:00-06:00,18,"43.10 x 19","47.20 x 22",45.17,780,mid,3523200,2074,271,0.00%,0,MFSL,N/A,"15:37:43 ET",M
GNRC,138.8,Put,195,2026-01-16T16:30:00-06:00,18,"54.50 x 10","58.60 x 10",56.2,625,mid,3512500,1275,161,0.00%,0,SLFT,N/A,"15:28:30 ET",M
UNH,329.48,Put,450,2026-01-16T16:30:00-06:00,18,"119.15 x 41","123.50 x 46",121.03,290,mid,3509800,1620,85,74.08%,-0.966593474,MFSL,N/A,"15:36:56 ET",M
FANG,148.84,Put,197.49,2026-01-16T16:30:00-06:00,18,"47.10 x 203","50.30 x 166",48.67,720,mid,3504200,1720,306,55.14%,-0.9916287377,MFSL,N/A,"15:20:25 ET",M
LULU,212.23,Put,300,2026-01-16T16:30:00-06:00,18,"85.10 x 28","90.20 x 33",87.59,400,mid,3503600,810,102,0.00%,0,MFSL,N/A,"15:23:04 ET",M
RACE,375.55,Put,470,2026-02-20T16:30:00-06:00,53,"92.50 x 6","97.00 x 6",93.2,375,mid,3495000,375,61,37.36%,-0.9491217339,MLFT,ToOpen,"15:13:47 ET",M
META,659.86,Put,775,2026-01-16T16:30:00-06:00,18,"113.75 x 29","119.40 x 50",116.41,300,mid,3492300,645,46,46.97%,-0.9370379949,MFSL,N/A,"15:23:16 ET",M
LULU,212.67,Put,300,2026-01-16T16:30:00-06:00,18,"85.05 x 28","90.20 x 33",85.05,410,bid,3487000,410,102,83.68%,-0.9655275631,MLFT,SellToOpen,"15:15:54 ET",M
META,656.595,Put,650,2026-03-20T16:30:00-05:00,81,"34.75 x 61","35.05 x 92",34.85,1000,mid,3485000,1189,3263,32.73%,-0.4292129973,MLFT,N/A,"13:55:06 ET",M
COST,866.82,Put,980,2026-01-16T16:30:00-06:00,18,"108.80 x 35","116.30 x 35",112.41,310,mid,3484700,486,23,0.00%,0,MFSL,ToOpen,"15:17:49 ET",M
FANG,148.93,Put,207.49,2026-01-16T16:30:00-06:00,18,"57.10 x 112","60.30 x 99",59.91,580,mid,3474700,580,141,105.75%,-0.9023199015,MLFT,ToOpen,"15:15:14 ET",M
LULU,212.23,Put,270,2026-01-16T16:30:00-06:00,18,"55.10 x 21","60.20 x 27",57.59,600,mid,3455400,1210,164,0.00%,0,MFSL,N/A,"15:23:04 ET",M
ADBE,352.89,Put,410,2026-01-16T16:30:00-06:00,18,"54.05 x 68","59.50 x 52",54.94,625,mid,3433700,6700,694,0.00%,0,MLFT,N/A,"15:16:49 ET",M
VEEV,224.635,Put,280,2026-01-16T16:30:00-06:00,18,"53.20 x 18","57.20 x 22",55.18,620,mid,3421100,1850,135,0.00%,0,MFSL,N/A,"15:37:43 ET",M
BTI,57.1873,Call,50,2026-01-16T16:30:00-06:00,18,"6.00 x 1","7.30 x 42",7.2,4740,mid,3412800,72669,8871,30.88%,0.98152560713283,SLFT,N/A,"14:55:12 ET",M
BTI,57.175,Call,50,2026-01-16T16:30:00-06:00,18,"7.10 x 222","7.30 x 15",7.2,4740,mid,3412800,156190,8871,32.77%,0.97320744610602,SLFT,N/A,"15:13:04 ET",M
BTI,57.1873,Call,50,2026-01-16T16:30:00-06:00,18,"6.00 x 1","7.30 x 42",7.2,4740,mid,3412800,72669,8871,30.88%,0.98152560713283,SLFT,N/A,"14:55:21 ET",M
BTI,57.17,Call,50,2026-01-16T16:30:00-06:00,18,"6.00 x 1","7.30 x 42",7.2,4740,mid,3412800,33247,8871,33.39%,0.97091454410388,SLFT,N/A,"14:54:52 ET",M
BTI,57.175,Call,50,2026-01-16T16:30:00-06:00,18,"7.10 x 222","7.30 x 15",7.2,4740,mid,3412800,156190,8871,32.77%,0.97320744610602,SLFT,N/A,"15:12:56 ET",M
BTI,57.1873,Call,50,2026-01-16T16:30:00-06:00,18,"6.00 x 1","7.30 x 42",7.2,4740,mid,3412800,72669,8871,30.88%,0.98152560713283,SLFT,N/A,"14:55:22 ET",M
BTI,57.1873,Call,50,2026-01-16T16:30:00-06:00,18,"6.00 x 1","7.30 x 42",7.2,4740,mid,3412800,72669,8871,30.88%,0.98152560713283,SLFT,N/A,"14:55:19 ET",M
BTI,57.17,Call,50,2026-01-16T16:30:00-06:00,18,"6.00 x 1","7.30 x 42",7.2,4740,mid,3412800,33247,8871,33.39%,0.97091454410388,SLFT,N/A,"14:54:58 ET",M
BTI,57.175,Call,50,2026-01-16T16:30:00-06:00,18,"7.10 x 222","7.30 x 15",7.2,4740,mid,3412800,156190,8871,32.77%,0.97320744610602,SLFT,N/A,"15:13:18 ET",M
BTI,57.175,Call,50,2026-01-16T16:30:00-06:00,18,"7.10 x 222","7.30 x 15",7.2,4740,mid,3412800,156190,8871,32.77%,0.97320744610602,SLFT,N/A,"15:13:33 ET",M
BTI,57.17,Call,50,2026-01-16T16:30:00-06:00,18,"6.00 x 1","7.30 x 42",7.2,4740,mid,3412800,33247,8871,33.39%,0.97091454410388,SLFT,N/A,"14:55:00 ET",M
BTI,57.175,Call,50,2026-01-16T16:30:00-06:00,18,"7.10 x 222","7.30 x 15",7.2,4740,mid,3412800,156190,8871,32.77%,0.97320744610602,SLFT,N/A,"15:13:30 ET",M
BTI,57.175,Call,50,2026-01-16T16:30:00-06:00,18,"7.10 x 222","7.30 x 15",7.2,4740,mid,3412800,156190,8871,32.77%,0.97320744610602,SLFT,N/A,"15:13:00 ET",M
BTI,57.175,Call,50,2026-01-16T16:30:00-06:00,18,"7.10 x 222","7.30 x 15",7.2,4740,mid,3412800,156190,8871,32.77%,0.97320744610602,SLFT,N/A,"15:13:23 ET",M
BTI,57.175,Call,50,2026-01-16T16:30:00-06:00,18,"7.10 x 222","7.30 x 15",7.2,4740,mid,3412800,156190,8871,32.77%,0.97320744610602,SLFT,N/A,"15:13:39 ET",M
BTI,57.1873,Call,50,2026-01-16T16:30:00-06:00,18,"6.00 x 1","7.30 x 42",7.2,4740,mid,3412800,72669,8871,30.88%,0.98152560713283,SLFT,N/A,"14:55:29 ET",M
BTI,57.175,Call,50,2026-01-16T16:30:00-06:00,18,"7.10 x 222","7.30 x 15",7.2,4740,mid,3412800,156190,8871,32.77%,0.97320744610602,SLFT,N/A,"15:13:10 ET",M
BTI,57.1873,Call,50,2026-01-16T16:30:00-06:00,18,"6.00 x 1","7.30 x 42",7.2,4740,mid,3412800,72669,8871,30.88%,0.98152560713283,SLFT,N/A,"14:55:27 ET",M
BTI,57.175,Call,50,2026-01-16T16:30:00-06:00,18,"7.10 x 222","7.30 x 15",7.2,4740,mid,3412800,156190,8871,32.77%,0.97320744610602,SLFT,N/A,"15:13:14 ET",M
BTI,57.1873,Call,50,2026-01-16T16:30:00-06:00,18,"6.00 x 1","7.30 x 42",7.2,4740,mid,3412800,72669,8871,30.88%,0.98152560713283,SLFT,N/A,"14:55:14 ET",M
BTI,57.17,Call,50,2026-01-16T16:30:00-06:00,18,"6.00 x 1","7.30 x 42",7.2,4740,mid,3412800,33247,8871,33.39%,0.97091454410388,SLFT,N/A,"14:55:07 ET",M
MSTR,157.15,Put,430,2026-01-16T16:30:00-06:00,18,"272.40 x 5","273.40 x 5",272.8,125,mid,3410000,365,24,194.12%,-0.9887294114,SLFT,N/A,"15:28:05 ET",M
NKE,61.15,Put,77.5,2026-01-16T16:30:00-06:00,18,"15.40 x 978","18.40 x 806",18.4,1840,ask,3385600,1841,1014,125.42%,-0.760903257,MLFT,BuyToOpen,"15:16:58 ET",M
ZS,228.5,Put,300,2026-01-16T16:30:00-06:00,18,"70.35 x 83","73.65 x 95",70.35,480,bid,3376800,480,96,72.58%,-0.9506924354,MLFT,SellToOpen,"15:15:00 ET",M
BTI,57.17,Call,45,2026-01-16T16:30:00-06:00,18,"12.10 x 1","12.50 x 173",12.5,2700,ask,3375000,18911,4370,54.93%,0.9806899552194,SLFT,N/A,"14:54:47 ET",M
META,659.6028,Put,770,2026-01-16T16:30:00-06:00,18,"108.35 x 48","114.55 x 58",112.2,300,mid,3366000,770,34,48.30%,-0.9213471901,SLFT,N/A,"15:28:16 ET",M
BTI,57.17,Call,50,2026-01-16T16:30:00-06:00,18,"7.10 x 74","7.30 x 52",7.1,4740,bid,3365400,33247,8871,33.39%,0.97091454410388,SLFT,N/A,"14:54:47 ET",M
BTI,57.17,Call,50,2026-01-16T16:30:00-06:00,18,"7.10 x 169","7.30 x 42",7.1,4740,bid,3365400,33247,8871,33.39%,0.97091454410388,SLFT,N/A,"14:54:50 ET",M
BTI,57.17,Call,50,2026-01-16T16:30:00-06:00,18,"7.10 x 157","7.30 x 42",7.1,4740,bid,3365400,33247,8871,33.39%,0.97091454410388,SLFT,N/A,"14:54:48 ET",M
LULU,212.67,Put,270,2026-01-16T16:30:00-06:00,18,"55.05 x 24","60.20 x 27",55.05,610,bid,3358000,610,164,62.31%,-0.9568279265,MLFT,SellToOpen,"15:15:54 ET",M
COST,867.4,Put,1035,2026-01-16T16:30:00-06:00,18,"164.10 x 16","171.70 x 16",167.6,200,mid,3352000,617,21,41.89%,-0.9760482894,SLFT,N/A,"15:28:44 ET",M
TMUS,203.19,Put,240,2026-01-16T16:30:00-06:00,18,"35.20 x 110","37.50 x 115",36.4,920,mid,3348800,2090,384,0.00%,0,MFSL,N/A,"15:36:00 ET",M
"Downloaded from Barchart.com as of 12-31-2025 01:24pm CST"
